Found 19 prompt(s), 3 config(s) → 57 evaluation(s)
Using Copilot SDK evaluator

📊 Evaluation plan: 57 evaluations (19 prompts × 3 configs)
   Estimated Copilot sessions: 114 (57 × 2 for generate/review)
   Workers: 1 | Max sessions: 3


Graders for cosmos-db-dp-java-crud / java-azure-skills/azure-skill-mcp-microsoft-skill:
- crud-items.prompt.md (prompt file):
  - Criteria from prompt file (prompt): Pass (7/7)
      - `azure-cosmos` Maven dependency (com.azure:azure-cosmos): Pass
      - `CosmosClientBuilder` and `CosmosClient`: Pass
      - `CosmosDatabase` and `CosmosContainer` creation: Pass
      - `CosmosContainer.createItem()`, `readItem()`, `replaceItem()`, `deleteItem()`: Pass
      - `CosmosQueryRequestOptions` and `CosmosPagedIterable`: Pass
      - `SqlQuerySpec` with parameters: Pass
      - `CosmosException` error handling: Pass
- java.yaml (criteria file):
  - Correct Dependencies (com.azure, not com.microsoft.azure) (prompt): Fail (0/1)
      - ### Attribute-Matched Criteria

**Correct Dependencies (com.azure, not com.microsoft.azure)**: Uses com.azure group ID for all Azure SDK packages. No com.microsoft.azure (legacy SDK) dependencies. Includes azure-identity for authentication.: Fail
  - Azure SDK BOM for Version Management (prompt): Fail (0/1)
      - ### Attribute-Matched Criteria

**Azure SDK BOM for Version Management**: Uses azure-sdk-bom in dependencyManagement to manage Azure SDK versions instead of hardcoding individual artifact versions. Dependencies should omit <version> tags when managed by the BOM.: Fail
  - Correct Imports (no legacy, no internal packages) (prompt): Pass (1/1)
      - ### Attribute-Matched Criteria

**Correct Imports (no legacy, no internal packages)**: All imports use com.azure.* packages. No com.microsoft.azure.* (legacy) or com.azure.*.implementation.* (internal API) imports.: Pass
  - DefaultAzureCredential Authentication (prompt): Fail (0/1)
      - ### Attribute-Matched Criteria

**DefaultAzureCredential Authentication**: Uses DefaultAzureCredential or another com.azure.identity credential. No hardcoded connection strings, account keys, SAS tokens, or secrets.: Fail
  - Client Builder Pattern (prompt): Fail (0/1)
      - ### Attribute-Matched Criteria

**Client Builder Pattern**: SDK clients constructed using *ClientBuilder classes with .endpoint() or .vaultUrl() and .credential(). No legacy constructors (CloudStorageAccount, DocumentClient, KeyVaultClient).: Fail
  - No Deprecated/Legacy Classes (prompt): Pass (1/1)
      - ### Attribute-Matched Criteria

**No Deprecated/Legacy Classes**: No deprecated classes from the old SDK (CloudStorageAccount, CloudBlobClient, DocumentClient, QueueClient, ApplicationTokenCredentials, MSICredentials, ConnectionStringBuilder).: Pass
  - Pagination (PagedIterable/PagedFlux) (prompt): Pass (1/1)
      - ### Attribute-Matched Criteria

**Pagination (PagedIterable/PagedFlux)**: List/query operations return PagedIterable (sync) or PagedFlux (async). Does not flatten all pages into a raw List or Stream in memory.: Pass
  - LRO Pattern (SyncPoller/PollerFlux) (prompt): Pass (1/1)
      - ### Attribute-Matched Criteria

**LRO Pattern (SyncPoller/PollerFlux)**: Long-running operations use SyncPoller (sync) or PollerFlux (async) with begin* method prefix. No Thread.sleep() polling loops.: Pass
  - Async Uses Project Reactor (Mono/Flux) (prompt): Pass (1/1)
      - ### Attribute-Matched Criteria

**Async Uses Project Reactor (Mono/Flux)**: Async code uses Project Reactor types (Mono, Flux). Not CompletableFuture (wrong), not RxJava (wrong), not sync wrapped in ExecutorService. No .block() inside async service implementations.: Pass
  - Service-Specific Exception Handling (prompt): Pass (1/1)
      - ### Attribute-Matched Criteria

**Service-Specific Exception Handling**: Catches service-specific exceptions (BlobStorageException, CosmosException, ServiceBusException, HttpResponseException) with status code inspection. Not just generic Exception catches.: Pass
  - Code Compiles (mvn compile / gradle compileJava) (prompt): Pass (1/1)
      - ### Attribute-Matched Criteria

**Code Compiles (mvn compile / gradle compileJava)**: The generated code compiles without errors. Attempt build verification if build tools are available.: Pass
  - Try-With-Resources for Clients (prompt): Pass (1/1)
      - ### Attribute-Matched Criteria

**Try-With-Resources for Clients**: All Azure SDK client instances that implement AutoCloseable are used within try-with-resources blocks or explicitly closed in a finally block.: Pass

Graders for storage-mp-java-account-mgmt / java-azure-skills/azure-skill-mcp-microsoft-skill:
- storage-account-mgmt.prompt.md (prompt file):
  - Criteria from prompt file (prompt): Fail (0/1)
      - grader executed: Fail
- java.yaml (criteria file):
  - Correct Dependencies (com.azure, not com.microsoft.azure) (prompt): Fail (0/1)
      - grader executed: Fail
  - Azure SDK BOM for Version Management (prompt): Fail (0/1)
      - grader executed: Fail
  - Correct Imports (no legacy, no internal packages) (prompt): Fail (0/1)
      - grader executed: Fail
  - DefaultAzureCredential Authentication (prompt): Fail (0/1)
      - grader executed: Fail
  - Client Builder Pattern (prompt): Fail (0/1)
      - grader executed: Fail
  - No Deprecated/Legacy Classes (prompt): Fail (0/1)
      - grader executed: Fail
  - Pagination (PagedIterable/PagedFlux) (prompt): Fail (0/1)
      - grader executed: Fail
  - LRO Pattern (SyncPoller/PollerFlux) (prompt): Fail (0/1)
      - grader executed: Fail
  - Async Uses Project Reactor (Mono/Flux) (prompt): Fail (0/1)
      - grader executed: Fail
  - Service-Specific Exception Handling (prompt): Fail (0/1)
      - grader executed: Fail
  - Code Compiles (mvn compile / gradle compileJava) (prompt): Fail (0/1)
      - grader executed: Fail
  - Try-With-Resources for Clients (prompt): Fail (0/1)
      - grader executed: Fail

Graders for cosmos-db-dp-java-todo-repository / java-azure-skills/baseline:
- todo-repository.prompt.md (prompt file):
  - Criteria from prompt file (prompt): Fail (11/14)
      - Correct partition key usage: `/category` path, `PartitionKey` in all point operations: Pass
      - ETag-based optimistic concurrency: captures ETag from read, passes `ifMatchETag` on update: Pass
      - Handles 412 Precondition Failed as a specific error case for conflicts: Pass
      - Parameterized queries using `SqlQuerySpec` with `SqlParameter` (no string concatenation): Pass
      - Page-by-page iteration using `iterableByPage()` or `CosmosPagedIterable`: Pass
      - Configurable page size via `QueryRequestOptions.setMaxItemCount`: Fail
      - Logs continuation token and item count per page: Fail
      - Async query uses `CosmosPagedFlux` returning pages as a stream: Pass
      - TTL configured at 90 days (7776000 seconds) via `ContainerProperties.setDefaultTimeToLiveInSeconds()`: Pass
      - Indexing policy excludes `/description` path: Pass
      - RU cost extracted from response via `getRequestCharge()` and logged per operation: Pass
      - Catches `CosmosException` with status code checks (404, 409, 412): Fail
      - Handles 412 separately for ETag conflicts: Pass
      - Does NOT flatten query results (`.stream()` / `.forEach()` without page iteration): Pass
- java.yaml (criteria file):
  - Correct Dependencies (com.azure, not com.microsoft.azure) (prompt): Pass (1/1)
      - ### Attribute-Matched Criteria

**Correct Dependencies (com.azure, not com.microsoft.azure)**: Uses com.azure group ID for all Azure SDK packages. No com.microsoft.azure (legacy SDK) dependencies. Includes azure-identity for authentication.: Pass
  - Azure SDK BOM for Version Management (prompt): Fail (0/1)
      - ### Attribute-Matched Criteria

**Azure SDK BOM for Version Management**: Uses azure-sdk-bom in dependencyManagement to manage Azure SDK versions instead of hardcoding individual artifact versions. Dependencies should omit <version> tags when managed by the BOM.: Fail
  - Correct Imports (no legacy, no internal packages) (prompt): Pass (1/1)
      - ### Attribute-Matched Criteria

**Correct Imports (no legacy, no internal packages)**: All imports use com.azure.* packages. No com.microsoft.azure.* (legacy) or com.azure.*.implementation.* (internal API) imports.: Pass
  - DefaultAzureCredential Authentication (prompt): Pass (1/1)
      - ### Attribute-Matched Criteria

**DefaultAzureCredential Authentication**: Uses DefaultAzureCredential or another com.azure.identity credential. No hardcoded connection strings, account keys, SAS tokens, or secrets.: Pass
  - Client Builder Pattern (prompt): Pass (1/1)
      - ### Attribute-Matched Criteria

**Client Builder Pattern**: SDK clients constructed using *ClientBuilder classes with .endpoint() or .vaultUrl() and .credential(). No legacy constructors (CloudStorageAccount, DocumentClient, KeyVaultClient).: Pass
  - No Deprecated/Legacy Classes (prompt): Pass (1/1)
      - ### Attribute-Matched Criteria

**No Deprecated/Legacy Classes**: No deprecated classes from the old SDK (CloudStorageAccount, CloudBlobClient, DocumentClient, QueueClient, ApplicationTokenCredentials, MSICredentials, ConnectionStringBuilder).: Pass
  - Pagination (PagedIterable/PagedFlux) (prompt): Fail (0/1)
      - ### Attribute-Matched Criteria

**Pagination (PagedIterable/PagedFlux)**: List/query operations return PagedIterable (sync) or PagedFlux (async). Does not flatten all pages into a raw List or Stream in memory.: Fail
  - LRO Pattern (SyncPoller/PollerFlux) (prompt): Pass (1/1)
      - ### Attribute-Matched Criteria

**LRO Pattern (SyncPoller/PollerFlux)**: Long-running operations use SyncPoller (sync) or PollerFlux (async) with begin* method prefix. No Thread.sleep() polling loops.: Pass
  - Async Uses Project Reactor (Mono/Flux) (prompt): Pass (1/1)
      - ### Attribute-Matched Criteria

**Async Uses Project Reactor (Mono/Flux)**: Async code uses Project Reactor types (Mono, Flux). Not CompletableFuture (wrong), not RxJava (wrong), not sync wrapped in ExecutorService. No .block() inside async service implementations.: Pass
  - Service-Specific Exception Handling (prompt): Pass (1/1)
      - ### Attribute-Matched Criteria

**Service-Specific Exception Handling**: Catches service-specific exceptions (BlobStorageException, CosmosException, ServiceBusException, HttpResponseException) with status code inspection. Not just generic Exception catches.: Pass
  - Code Compiles (mvn compile / gradle compileJava) (prompt): Pass (1/1)
      - ### Attribute-Matched Criteria

**Code Compiles (mvn compile / gradle compileJava)**: The generated code compiles without errors. Attempt build verification if build tools are available.: Pass
  - Try-With-Resources for Clients (prompt): Pass (1/1)
      - ### Attribute-Matched Criteria

**Try-With-Resources for Clients**: All Azure SDK client instances that implement AutoCloseable are used within try-with-resources blocks or explicitly closed in a finally block.: Pass

Graders for cosmos-db-dp-java-todo-repository / java-azure-skills/azure-skill-mcp:
- todo-repository.prompt.md (prompt file):
  - Criteria from prompt file (prompt): Fail (11/14)
      - Correct partition key usage: `/category` path, `PartitionKey` in all point operations: Pass
      - ETag-based optimistic concurrency: captures ETag from read, passes `ifMatchETag` on update: Pass
      - Handles 412 Precondition Failed as a specific error case for conflicts: Pass
      - Parameterized queries using `SqlQuerySpec` with `SqlParameter` (no string concatenation): Pass
      - Page-by-page iteration using `iterableByPage()` or `CosmosPagedIterable`: Pass
      - Configurable page size via `QueryRequestOptions.setMaxItemCount`: Fail
      - Logs continuation token and item count per page: Fail
      - Async query uses `CosmosPagedFlux` returning pages as a stream: Pass
      - TTL configured at 90 days (7776000 seconds) via `ContainerProperties.setDefaultTimeToLiveInSeconds()`: Pass
      - Indexing policy excludes `/description` path: Pass
      - RU cost extracted from response via `getRequestCharge()` and logged per operation: Pass
      - Catches `CosmosException` with status code checks (404, 409, 412): Fail
      - Handles 412 separately for ETag conflicts: Pass
      - Does NOT flatten query results (`.stream()` / `.forEach()` without page iteration): Pass
- java.yaml (criteria file):
  - Correct Dependencies (com.azure, not com.microsoft.azure) (prompt): Pass (1/1)
      - ### Attribute-Matched Criteria

**Correct Dependencies (com.azure, not com.microsoft.azure)**: Uses com.azure group ID for all Azure SDK packages. No com.microsoft.azure (legacy SDK) dependencies. Includes azure-identity for authentication.: Pass
  - Azure SDK BOM for Version Management (prompt): Fail (0/1)
      - ### Attribute-Matched Criteria

**Azure SDK BOM for Version Management**: Uses azure-sdk-bom in dependencyManagement to manage Azure SDK versions instead of hardcoding individual artifact versions. Dependencies should omit <version> tags when managed by the BOM.: Fail
  - Correct Imports (no legacy, no internal packages) (prompt): Pass (1/1)
      - ### Attribute-Matched Criteria

**Correct Imports (no legacy, no internal packages)**: All imports use com.azure.* packages. No com.microsoft.azure.* (legacy) or com.azure.*.implementation.* (internal API) imports.: Pass
  - DefaultAzureCredential Authentication (prompt): Pass (1/1)
      - ### Attribute-Matched Criteria

**DefaultAzureCredential Authentication**: Uses DefaultAzureCredential or another com.azure.identity credential. No hardcoded connection strings, account keys, SAS tokens, or secrets.: Pass
  - Client Builder Pattern (prompt): Pass (1/1)
      - ### Attribute-Matched Criteria

**Client Builder Pattern**: SDK clients constructed using *ClientBuilder classes with .endpoint() or .vaultUrl() and .credential(). No legacy constructors (CloudStorageAccount, DocumentClient, KeyVaultClient).: Pass
  - No Deprecated/Legacy Classes (prompt): Pass (1/1)
      - ### Attribute-Matched Criteria

**No Deprecated/Legacy Classes**: No deprecated classes from the old SDK (CloudStorageAccount, CloudBlobClient, DocumentClient, QueueClient, ApplicationTokenCredentials, MSICredentials, ConnectionStringBuilder).: Pass
  - Pagination (PagedIterable/PagedFlux) (prompt): Fail (0/1)
      - ### Attribute-Matched Criteria

**Pagination (PagedIterable/PagedFlux)**: List/query operations return PagedIterable (sync) or PagedFlux (async). Does not flatten all pages into a raw List or Stream in memory.: Fail
  - LRO Pattern (SyncPoller/PollerFlux) (prompt): Pass (1/1)
      - ### Attribute-Matched Criteria

**LRO Pattern (SyncPoller/PollerFlux)**: Long-running operations use SyncPoller (sync) or PollerFlux (async) with begin* method prefix. No Thread.sleep() polling loops.: Pass
  - Async Uses Project Reactor (Mono/Flux) (prompt): Pass (1/1)
      - ### Attribute-Matched Criteria

**Async Uses Project Reactor (Mono/Flux)**: Async code uses Project Reactor types (Mono, Flux). Not CompletableFuture (wrong), not RxJava (wrong), not sync wrapped in ExecutorService. No .block() inside async service implementations.: Pass
  - Service-Specific Exception Handling (prompt): Pass (1/1)
      - ### Attribute-Matched Criteria

**Service-Specific Exception Handling**: Catches service-specific exceptions (BlobStorageException, CosmosException, ServiceBusException, HttpResponseException) with status code inspection. Not just generic Exception catches.: Pass
  - Code Compiles (mvn compile / gradle compileJava) (prompt): Pass (1/1)
      - ### Attribute-Matched Criteria

**Code Compiles (mvn compile / gradle compileJava)**: The generated code compiles without errors. Attempt build verification if build tools are available.: Pass
  - Try-With-Resources for Clients (prompt): Pass (1/1)
      - ### Attribute-Matched Criteria

**Try-With-Resources for Clients**: All Azure SDK client instances that implement AutoCloseable are used within try-with-resources blocks or explicitly closed in a finally block.: Pass

Graders for cosmos-db-dp-java-todo-repository / java-azure-skills/azure-skill-mcp-microsoft-skill:
- todo-repository.prompt.md (prompt file):
  - Criteria from prompt file (prompt): Fail (11/14)
      - Correct partition key usage: `/category` path, `PartitionKey` in all point operations: Pass
      - ETag-based optimistic concurrency: captures ETag from read, passes `ifMatchETag` on update: Pass
      - Handles 412 Precondition Failed as a specific error case for conflicts: Pass
      - Parameterized queries using `SqlQuerySpec` with `SqlParameter` (no string concatenation): Pass
      - Page-by-page iteration using `iterableByPage()` or `CosmosPagedIterable`: Pass
      - Configurable page size via `QueryRequestOptions.setMaxItemCount`: Fail
      - Logs continuation token and item count per page: Fail
      - Async query uses `CosmosPagedFlux` returning pages as a stream: Pass
      - TTL configured at 90 days (7776000 seconds) via `ContainerProperties.setDefaultTimeToLiveInSeconds()`: Pass
      - Indexing policy excludes `/description` path: Pass
      - RU cost extracted from response via `getRequestCharge()` and logged per operation: Pass
      - Catches `CosmosException` with status code checks (404, 409, 412): Fail
      - Handles 412 separately for ETag conflicts: Pass
      - Does NOT flatten query results (`.stream()` / `.forEach()` without page iteration): Pass
- java.yaml (criteria file):
  - Correct Dependencies (com.azure, not com.microsoft.azure) (prompt): Pass (1/1)
      - ### Attribute-Matched Criteria

**Correct Dependencies (com.azure, not com.microsoft.azure)**: Uses com.azure group ID for all Azure SDK packages. No com.microsoft.azure (legacy SDK) dependencies. Includes azure-identity for authentication.: Pass
  - Azure SDK BOM for Version Management (prompt): Pass (1/1)
      - ### Attribute-Matched Criteria

**Azure SDK BOM for Version Management**: Uses azure-sdk-bom in dependencyManagement to manage Azure SDK versions instead of hardcoding individual artifact versions. Dependencies should omit <version> tags when managed by the BOM.: Pass
  - Correct Imports (no legacy, no internal packages) (prompt): Pass (1/1)
      - ### Attribute-Matched Criteria

**Correct Imports (no legacy, no internal packages)**: All imports use com.azure.* packages. No com.microsoft.azure.* (legacy) or com.azure.*.implementation.* (internal API) imports.: Pass
  - DefaultAzureCredential Authentication (prompt): Pass (1/1)
      - ### Attribute-Matched Criteria

**DefaultAzureCredential Authentication**: Uses DefaultAzureCredential or another com.azure.identity credential. No hardcoded connection strings, account keys, SAS tokens, or secrets.: Pass
  - Client Builder Pattern (prompt): Pass (1/1)
      - ### Attribute-Matched Criteria

**Client Builder Pattern**: SDK clients constructed using *ClientBuilder classes with .endpoint() or .vaultUrl() and .credential(). No legacy constructors (CloudStorageAccount, DocumentClient, KeyVaultClient).: Pass
  - No Deprecated/Legacy Classes (prompt): Pass (1/1)
      - ### Attribute-Matched Criteria

**No Deprecated/Legacy Classes**: No deprecated classes from the old SDK (CloudStorageAccount, CloudBlobClient, DocumentClient, QueueClient, ApplicationTokenCredentials, MSICredentials, ConnectionStringBuilder).: Pass
  - Pagination (PagedIterable/PagedFlux) (prompt): Pass (1/1)
      - ### Attribute-Matched Criteria

**Pagination (PagedIterable/PagedFlux)**: List/query operations return PagedIterable (sync) or PagedFlux (async). Does not flatten all pages into a raw List or Stream in memory.: Pass
  - LRO Pattern (SyncPoller/PollerFlux) (prompt): Pass (1/1)
      - ### Attribute-Matched Criteria

**LRO Pattern (SyncPoller/PollerFlux)**: Long-running operations use SyncPoller (sync) or PollerFlux (async) with begin* method prefix. No Thread.sleep() polling loops.: Pass
  - Async Uses Project Reactor (Mono/Flux) (prompt): Pass (1/1)
      - ### Attribute-Matched Criteria

**Async Uses Project Reactor (Mono/Flux)**: Async code uses Project Reactor types (Mono, Flux). Not CompletableFuture (wrong), not RxJava (wrong), not sync wrapped in ExecutorService. No .block() inside async service implementations.: Pass
  - Service-Specific Exception Handling (prompt): Pass (1/1)
      - ### Attribute-Matched Criteria

**Service-Specific Exception Handling**: Catches service-specific exceptions (BlobStorageException, CosmosException, ServiceBusException, HttpResponseException) with status code inspection. Not just generic Exception catches.: Pass
  - Code Compiles (mvn compile / gradle compileJava) (prompt): Pass (1/1)
      - ### Attribute-Matched Criteria

**Code Compiles (mvn compile / gradle compileJava)**: The generated code compiles without errors. Attempt build verification if build tools are available.: Pass
  - Try-With-Resources for Clients (prompt): Pass (1/1)
      - ### Attribute-Matched Criteria

**Try-With-Resources for Clients**: All Azure SDK client instances that implement AutoCloseable are used within try-with-resources blocks or explicitly closed in a finally block.: Pass

Graders for event-hubs-dp-java-streaming / java-azure-skills/baseline:
- send-receive-events.prompt.md (prompt file):
  - Criteria from prompt file (prompt): Pass (7/7)
      - `azure-messaging-eventhubs` and `azure-messaging-eventhubs-checkpointstore-blob` Maven deps: Pass
      - `EventHubClientBuilder` and `EventHubProducerClient`: Pass
      - `createBatch()` and `EventDataBatch.tryAdd()`: Pass
      - `send()` for publishing events: Pass
      - `EventProcessorClientBuilder` with `BlobCheckpointStore`: Pass
      - `processEvent` and `processError` consumer functions: Pass
      - `EventContext.updateCheckpoint()` for reliable processing: Pass
- java.yaml (criteria file):
  - Correct Dependencies (com.azure, not com.microsoft.azure) (prompt): Fail (0/1)
      - ### Attribute-Matched Criteria

**Correct Dependencies (com.azure, not com.microsoft.azure)**: Uses com.azure group ID for all Azure SDK packages. No com.microsoft.azure (legacy SDK) dependencies. Includes azure-identity for authentication.: Fail
  - Azure SDK BOM for Version Management (prompt): Fail (0/1)
      - ### Attribute-Matched Criteria

**Azure SDK BOM for Version Management**: Uses azure-sdk-bom in dependencyManagement to manage Azure SDK versions instead of hardcoding individual artifact versions. Dependencies should omit <version> tags when managed by the BOM.: Fail
  - Correct Imports (no legacy, no internal packages) (prompt): Pass (1/1)
      - ### Attribute-Matched Criteria

**Correct Imports (no legacy, no internal packages)**: All imports use com.azure.* packages. No com.microsoft.azure.* (legacy) or com.azure.*.implementation.* (internal API) imports.: Pass
  - DefaultAzureCredential Authentication (prompt): Fail (0/1)
      - ### Attribute-Matched Criteria

**DefaultAzureCredential Authentication**: Uses DefaultAzureCredential or another com.azure.identity credential. No hardcoded connection strings, account keys, SAS tokens, or secrets.: Fail
  - Client Builder Pattern (prompt): Fail (0/1)
      - ### Attribute-Matched Criteria

**Client Builder Pattern**: SDK clients constructed using *ClientBuilder classes with .endpoint() or .vaultUrl() and .credential(). No legacy constructors (CloudStorageAccount, DocumentClient, KeyVaultClient).: Fail
  - No Deprecated/Legacy Classes (prompt): Pass (1/1)
      - ### Attribute-Matched Criteria

**No Deprecated/Legacy Classes**: No deprecated classes from the old SDK (CloudStorageAccount, CloudBlobClient, DocumentClient, QueueClient, ApplicationTokenCredentials, MSICredentials, ConnectionStringBuilder).: Pass
  - Pagination (PagedIterable/PagedFlux) (prompt): Pass (1/1)
      - ### Attribute-Matched Criteria

**Pagination (PagedIterable/PagedFlux)**: List/query operations return PagedIterable (sync) or PagedFlux (async). Does not flatten all pages into a raw List or Stream in memory.: Pass
  - LRO Pattern (SyncPoller/PollerFlux) (prompt): Pass (1/1)
      - ### Attribute-Matched Criteria

**LRO Pattern (SyncPoller/PollerFlux)**: Long-running operations use SyncPoller (sync) or PollerFlux (async) with begin* method prefix. No Thread.sleep() polling loops.: Pass
  - Async Uses Project Reactor (Mono/Flux) (prompt): Pass (1/1)
      - ### Attribute-Matched Criteria

**Async Uses Project Reactor (Mono/Flux)**: Async code uses Project Reactor types (Mono, Flux). Not CompletableFuture (wrong), not RxJava (wrong), not sync wrapped in ExecutorService. No .block() inside async service implementations.: Pass
  - Service-Specific Exception Handling (prompt): Fail (0/1)
      - ### Attribute-Matched Criteria

**Service-Specific Exception Handling**: Catches service-specific exceptions (BlobStorageException, CosmosException, ServiceBusException, HttpResponseException) with status code inspection. Not just generic Exception catches.: Fail
  - Code Compiles (mvn compile / gradle compileJava) (prompt): Pass (1/1)
      - ### Attribute-Matched Criteria

**Code Compiles (mvn compile / gradle compileJava)**: The generated code compiles without errors. Attempt build verification if build tools are available.: Pass
  - Try-With-Resources for Clients (prompt): Pass (1/1)
      - ### Attribute-Matched Criteria

**Try-With-Resources for Clients**: All Azure SDK client instances that implement AutoCloseable are used within try-with-resources blocks or explicitly closed in a finally block.: Pass

Graders for event-hubs-dp-java-streaming / java-azure-skills/azure-skill-mcp:
- send-receive-events.prompt.md (prompt file):
  - Criteria from prompt file (prompt): Pass (7/7)
      - `azure-messaging-eventhubs` and `azure-messaging-eventhubs-checkpointstore-blob` Maven deps: Pass
      - `EventHubClientBuilder` and `EventHubProducerClient`: Pass
      - `createBatch()` and `EventDataBatch.tryAdd()`: Pass
      - `send()` for publishing events: Pass
      - `EventProcessorClientBuilder` with `BlobCheckpointStore`: Pass
      - `processEvent` and `processError` consumer functions: Pass
      - `EventContext.updateCheckpoint()` for reliable processing: Pass
- java.yaml (criteria file):
  - Correct Dependencies (com.azure, not com.microsoft.azure) (prompt): Fail (0/1)
      - ### Attribute-Matched Criteria

**Correct Dependencies (com.azure, not com.microsoft.azure)**: Uses com.azure group ID for all Azure SDK packages. No com.microsoft.azure (legacy SDK) dependencies. Includes azure-identity for authentication.: Fail
  - Azure SDK BOM for Version Management (prompt): Fail (0/1)
      - ### Attribute-Matched Criteria

**Azure SDK BOM for Version Management**: Uses azure-sdk-bom in dependencyManagement to manage Azure SDK versions instead of hardcoding individual artifact versions. Dependencies should omit <version> tags when managed by the BOM.: Fail
  - Correct Imports (no legacy, no internal packages) (prompt): Pass (1/1)
      - ### Attribute-Matched Criteria

**Correct Imports (no legacy, no internal packages)**: All imports use com.azure.* packages. No com.microsoft.azure.* (legacy) or com.azure.*.implementation.* (internal API) imports.: Pass
  - DefaultAzureCredential Authentication (prompt): Fail (0/1)
      - ### Attribute-Matched Criteria

**DefaultAzureCredential Authentication**: Uses DefaultAzureCredential or another com.azure.identity credential. No hardcoded connection strings, account keys, SAS tokens, or secrets.: Fail
  - Client Builder Pattern (prompt): Fail (0/1)
      - ### Attribute-Matched Criteria

**Client Builder Pattern**: SDK clients constructed using *ClientBuilder classes with .endpoint() or .vaultUrl() and .credential(). No legacy constructors (CloudStorageAccount, DocumentClient, KeyVaultClient).: Fail
  - No Deprecated/Legacy Classes (prompt): Pass (1/1)
      - ### Attribute-Matched Criteria

**No Deprecated/Legacy Classes**: No deprecated classes from the old SDK (CloudStorageAccount, CloudBlobClient, DocumentClient, QueueClient, ApplicationTokenCredentials, MSICredentials, ConnectionStringBuilder).: Pass
  - Pagination (PagedIterable/PagedFlux) (prompt): Pass (1/1)
      - ### Attribute-Matched Criteria

**Pagination (PagedIterable/PagedFlux)**: List/query operations return PagedIterable (sync) or PagedFlux (async). Does not flatten all pages into a raw List or Stream in memory.: Pass
  - LRO Pattern (SyncPoller/PollerFlux) (prompt): Pass (1/1)
      - ### Attribute-Matched Criteria

**LRO Pattern (SyncPoller/PollerFlux)**: Long-running operations use SyncPoller (sync) or PollerFlux (async) with begin* method prefix. No Thread.sleep() polling loops.: Pass
  - Async Uses Project Reactor (Mono/Flux) (prompt): Pass (1/1)
      - ### Attribute-Matched Criteria

**Async Uses Project Reactor (Mono/Flux)**: Async code uses Project Reactor types (Mono, Flux). Not CompletableFuture (wrong), not RxJava (wrong), not sync wrapped in ExecutorService. No .block() inside async service implementations.: Pass
  - Service-Specific Exception Handling (prompt): Fail (0/1)
      - ### Attribute-Matched Criteria

**Service-Specific Exception Handling**: Catches service-specific exceptions (BlobStorageException, CosmosException, ServiceBusException, HttpResponseException) with status code inspection. Not just generic Exception catches.: Fail
  - Code Compiles (mvn compile / gradle compileJava) (prompt): Pass (1/1)
      - ### Attribute-Matched Criteria

**Code Compiles (mvn compile / gradle compileJava)**: The generated code compiles without errors. Attempt build verification if build tools are available.: Pass
  - Try-With-Resources for Clients (prompt): Pass (1/1)
      - ### Attribute-Matched Criteria

**Try-With-Resources for Clients**: All Azure SDK client instances that implement AutoCloseable are used within try-with-resources blocks or explicitly closed in a finally block.: Pass

Graders for event-hubs-dp-java-streaming / java-azure-skills/azure-skill-mcp-microsoft-skill:
- send-receive-events.prompt.md (prompt file):
  - Criteria from prompt file (prompt): Pass (7/7)
      - `azure-messaging-eventhubs` and `azure-messaging-eventhubs-checkpointstore-blob` Maven deps: Pass
      - `EventHubClientBuilder` and `EventHubProducerClient`: Pass
      - `createBatch()` and `EventDataBatch.tryAdd()`: Pass
      - `send()` for publishing events: Pass
      - `EventProcessorClientBuilder` with `BlobCheckpointStore`: Pass
      - `processEvent` and `processError` consumer functions: Pass
      - `EventContext.updateCheckpoint()` for reliable processing: Pass
- java.yaml (criteria file):
  - Correct Dependencies (com.azure, not com.microsoft.azure) (prompt): Fail (0/1)
      - ### Attribute-Matched Criteria

**Correct Dependencies (com.azure, not com.microsoft.azure)**: Uses com.azure group ID for all Azure SDK packages. No com.microsoft.azure (legacy SDK) dependencies. Includes azure-identity for authentication.: Fail
  - Azure SDK BOM for Version Management (prompt): Fail (0/1)
      - ### Attribute-Matched Criteria

**Azure SDK BOM for Version Management**: Uses azure-sdk-bom in dependencyManagement to manage Azure SDK versions instead of hardcoding individual artifact versions. Dependencies should omit <version> tags when managed by the BOM.: Fail
  - Correct Imports (no legacy, no internal packages) (prompt): Pass (1/1)
      - ### Attribute-Matched Criteria

**Correct Imports (no legacy, no internal packages)**: All imports use com.azure.* packages. No com.microsoft.azure.* (legacy) or com.azure.*.implementation.* (internal API) imports.: Pass
  - DefaultAzureCredential Authentication (prompt): Fail (0/1)
      - ### Attribute-Matched Criteria

**DefaultAzureCredential Authentication**: Uses DefaultAzureCredential or another com.azure.identity credential. No hardcoded connection strings, account keys, SAS tokens, or secrets.: Fail
  - Client Builder Pattern (prompt): Fail (0/1)
      - ### Attribute-Matched Criteria

**Client Builder Pattern**: SDK clients constructed using *ClientBuilder classes with .endpoint() or .vaultUrl() and .credential(). No legacy constructors (CloudStorageAccount, DocumentClient, KeyVaultClient).: Fail
  - No Deprecated/Legacy Classes (prompt): Pass (1/1)
      - ### Attribute-Matched Criteria

**No Deprecated/Legacy Classes**: No deprecated classes from the old SDK (CloudStorageAccount, CloudBlobClient, DocumentClient, QueueClient, ApplicationTokenCredentials, MSICredentials, ConnectionStringBuilder).: Pass
  - Pagination (PagedIterable/PagedFlux) (prompt): Pass (1/1)
      - ### Attribute-Matched Criteria

**Pagination (PagedIterable/PagedFlux)**: List/query operations return PagedIterable (sync) or PagedFlux (async). Does not flatten all pages into a raw List or Stream in memory.: Pass
  - LRO Pattern (SyncPoller/PollerFlux) (prompt): Pass (1/1)
      - ### Attribute-Matched Criteria

**LRO Pattern (SyncPoller/PollerFlux)**: Long-running operations use SyncPoller (sync) or PollerFlux (async) with begin* method prefix. No Thread.sleep() polling loops.: Pass
  - Async Uses Project Reactor (Mono/Flux) (prompt): Pass (1/1)
      - ### Attribute-Matched Criteria

**Async Uses Project Reactor (Mono/Flux)**: Async code uses Project Reactor types (Mono, Flux). Not CompletableFuture (wrong), not RxJava (wrong), not sync wrapped in ExecutorService. No .block() inside async service implementations.: Pass
  - Service-Specific Exception Handling (prompt): Fail (0/1)
      - ### Attribute-Matched Criteria

**Service-Specific Exception Handling**: Catches service-specific exceptions (BlobStorageException, CosmosException, ServiceBusException, HttpResponseException) with status code inspection. Not just generic Exception catches.: Fail
  - Code Compiles (mvn compile / gradle compileJava) (prompt): Pass (1/1)
      - ### Attribute-Matched Criteria

**Code Compiles (mvn compile / gradle compileJava)**: The generated code compiles without errors. Attempt build verification if build tools are available.: Pass
  - Try-With-Resources for Clients (prompt): Pass (1/1)
      - ### Attribute-Matched Criteria

**Try-With-Resources for Clients**: All Azure SDK client instances that implement AutoCloseable are used within try-with-resources blocks or explicitly closed in a finally block.: Pass

Graders for identity-dp-java-credential-chain / java-azure-skills/baseline:
- credential-chain.prompt.md (prompt file):
  - Criteria from prompt file (prompt): Pass (14/14)
      - Uses `ChainedTokenCredentialBuilder` to compose multiple credentials: Pass
      - Credentials added via `.addLast()` — order matters: Pass
      - **Dev chain**: includes `AzureCliCredential`; may include `IntelliJCredential`, `VisualStudioCodeCredential`, `AzurePowerShellCredential`: Pass
      - **CI chain**: uses `EnvironmentCredential` or `AzurePipelinesCredential` (not just `DefaultAzureCredential`): Pass
      - **Production chain**: `ManagedIdentityCredential` first (supports user-assigned via `clientId()`), `WorkloadIdentityCredential` as fallback: Pass
      - Enables CAE via `TokenRequestContext.setCaeEnabled(true)` or `enableCae()` on credential builders: Pass
      - Detects CI (checks `CI`, `TF_BUILD`, `AZURE_PIPELINE_WORKSPACE`, or similar): Pass
      - Detects production/managed identity (checks `IDENTITY_ENDPOINT`, `MSI_ENDPOINT`, or similar): Pass
      - Falls back to dev if neither detected: Pass
      - Creates `TokenRequestContext` with correct scope (`https://management.azure.com/.default`): Pass
      - Calls `getToken()` and prints token expiry from `AccessToken.getExpiresAt()`: Pass
      - Handles failure with specific exception info: Pass
      - Async tester uses reactive `getToken()` returning `Mono<AccessToken>`: Pass
      - NOT using `DefaultAzureCredential` as the CI credential (too broad): Pass
- java.yaml (criteria file):
  - Correct Dependencies (com.azure, not com.microsoft.azure) (prompt): Pass (1/1)
      - ### Attribute-Matched Criteria

**Correct Dependencies (com.azure, not com.microsoft.azure)**: Uses com.azure group ID for all Azure SDK packages. No com.microsoft.azure (legacy SDK) dependencies. Includes azure-identity for authentication.: Pass
  - Azure SDK BOM for Version Management (prompt): Fail (0/1)
      - ### Attribute-Matched Criteria

**Azure SDK BOM for Version Management**: Uses azure-sdk-bom in dependencyManagement to manage Azure SDK versions instead of hardcoding individual artifact versions. Dependencies should omit <version> tags when managed by the BOM.: Fail
  - Correct Imports (no legacy, no internal packages) (prompt): Pass (1/1)
      - ### Attribute-Matched Criteria

**Correct Imports (no legacy, no internal packages)**: All imports use com.azure.* packages. No com.microsoft.azure.* (legacy) or com.azure.*.implementation.* (internal API) imports.: Pass
  - DefaultAzureCredential Authentication (prompt): Pass (1/1)
      - ### Attribute-Matched Criteria

**DefaultAzureCredential Authentication**: Uses DefaultAzureCredential or another com.azure.identity credential. No hardcoded connection strings, account keys, SAS tokens, or secrets.: Pass
  - Client Builder Pattern (prompt): Pass (1/1)
      - ### Attribute-Matched Criteria

**Client Builder Pattern**: SDK clients constructed using *ClientBuilder classes with .endpoint() or .vaultUrl() and .credential(). No legacy constructors (CloudStorageAccount, DocumentClient, KeyVaultClient).: Pass
  - No Deprecated/Legacy Classes (prompt): Pass (1/1)
      - ### Attribute-Matched Criteria

**No Deprecated/Legacy Classes**: No deprecated classes from the old SDK (CloudStorageAccount, CloudBlobClient, DocumentClient, QueueClient, ApplicationTokenCredentials, MSICredentials, ConnectionStringBuilder).: Pass
  - Pagination (PagedIterable/PagedFlux) (prompt): Pass (1/1)
      - ### Attribute-Matched Criteria

**Pagination (PagedIterable/PagedFlux)**: List/query operations return PagedIterable (sync) or PagedFlux (async). Does not flatten all pages into a raw List or Stream in memory.: Pass
  - LRO Pattern (SyncPoller/PollerFlux) (prompt): Pass (1/1)
      - ### Attribute-Matched Criteria

**LRO Pattern (SyncPoller/PollerFlux)**: Long-running operations use SyncPoller (sync) or PollerFlux (async) with begin* method prefix. No Thread.sleep() polling loops.: Pass
  - Async Uses Project Reactor (Mono/Flux) (prompt): Pass (1/1)
      - ### Attribute-Matched Criteria

**Async Uses Project Reactor (Mono/Flux)**: Async code uses Project Reactor types (Mono, Flux). Not CompletableFuture (wrong), not RxJava (wrong), not sync wrapped in ExecutorService. No .block() inside async service implementations.: Pass
  - Service-Specific Exception Handling (prompt): Fail (0/1)
      - ### Attribute-Matched Criteria

**Service-Specific Exception Handling**: Catches service-specific exceptions (BlobStorageException, CosmosException, ServiceBusException, HttpResponseException) with status code inspection. Not just generic Exception catches.: Fail
  - Code Compiles (mvn compile / gradle compileJava) (prompt): Pass (1/1)
      - ### Attribute-Matched Criteria

**Code Compiles (mvn compile / gradle compileJava)**: The generated code compiles without errors. Attempt build verification if build tools are available.: Pass
  - Try-With-Resources for Clients (prompt): Pass (1/1)
      - ### Attribute-Matched Criteria

**Try-With-Resources for Clients**: All Azure SDK client instances that implement AutoCloseable are used within try-with-resources blocks or explicitly closed in a finally block.: Pass

Graders for identity-dp-java-credential-chain / java-azure-skills/azure-skill-mcp:
- credential-chain.prompt.md (prompt file):
  - Criteria from prompt file (prompt): Pass (14/14)
      - Uses `ChainedTokenCredentialBuilder` to compose multiple credentials: Pass
      - Credentials added via `.addLast()` — order matters: Pass
      - **Dev chain**: includes `AzureCliCredential`; may include `IntelliJCredential`, `VisualStudioCodeCredential`, `AzurePowerShellCredential`: Pass
      - **CI chain**: uses `EnvironmentCredential` or `AzurePipelinesCredential` (not just `DefaultAzureCredential`): Pass
      - **Production chain**: `ManagedIdentityCredential` first (supports user-assigned via `clientId()`), `WorkloadIdentityCredential` as fallback: Pass
      - Enables CAE via `TokenRequestContext.setCaeEnabled(true)` or `enableCae()` on credential builders: Pass
      - Detects CI (checks `CI`, `TF_BUILD`, `AZURE_PIPELINE_WORKSPACE`, or similar): Pass
      - Detects production/managed identity (checks `IDENTITY_ENDPOINT`, `MSI_ENDPOINT`, or similar): Pass
      - Falls back to dev if neither detected: Pass
      - Creates `TokenRequestContext` with correct scope (`https://management.azure.com/.default`): Pass
      - Calls `getToken()` and prints token expiry from `AccessToken.getExpiresAt()`: Pass
      - Handles failure with specific exception info: Pass
      - Async tester uses reactive `getToken()` returning `Mono<AccessToken>`: Pass
      - NOT using `DefaultAzureCredential` as the CI credential (too broad): Pass
- java.yaml (criteria file):
  - Correct Dependencies (com.azure, not com.microsoft.azure) (prompt): Pass (1/1)
      - ### Attribute-Matched Criteria

**Correct Dependencies (com.azure, not com.microsoft.azure)**: Uses com.azure group ID for all Azure SDK packages. No com.microsoft.azure (legacy SDK) dependencies. Includes azure-identity for authentication.: Pass
  - Azure SDK BOM for Version Management (prompt): Fail (0/1)
      - ### Attribute-Matched Criteria

**Azure SDK BOM for Version Management**: Uses azure-sdk-bom in dependencyManagement to manage Azure SDK versions instead of hardcoding individual artifact versions. Dependencies should omit <version> tags when managed by the BOM.: Fail
  - Correct Imports (no legacy, no internal packages) (prompt): Pass (1/1)
      - ### Attribute-Matched Criteria

**Correct Imports (no legacy, no internal packages)**: All imports use com.azure.* packages. No com.microsoft.azure.* (legacy) or com.azure.*.implementation.* (internal API) imports.: Pass
  - DefaultAzureCredential Authentication (prompt): Pass (1/1)
      - ### Attribute-Matched Criteria

**DefaultAzureCredential Authentication**: Uses DefaultAzureCredential or another com.azure.identity credential. No hardcoded connection strings, account keys, SAS tokens, or secrets.: Pass
  - Client Builder Pattern (prompt): Pass (1/1)
      - ### Attribute-Matched Criteria

**Client Builder Pattern**: SDK clients constructed using *ClientBuilder classes with .endpoint() or .vaultUrl() and .credential(). No legacy constructors (CloudStorageAccount, DocumentClient, KeyVaultClient).: Pass
  - No Deprecated/Legacy Classes (prompt): Pass (1/1)
      - ### Attribute-Matched Criteria

**No Deprecated/Legacy Classes**: No deprecated classes from the old SDK (CloudStorageAccount, CloudBlobClient, DocumentClient, QueueClient, ApplicationTokenCredentials, MSICredentials, ConnectionStringBuilder).: Pass
  - Pagination (PagedIterable/PagedFlux) (prompt): Pass (1/1)
      - ### Attribute-Matched Criteria

**Pagination (PagedIterable/PagedFlux)**: List/query operations return PagedIterable (sync) or PagedFlux (async). Does not flatten all pages into a raw List or Stream in memory.: Pass
  - LRO Pattern (SyncPoller/PollerFlux) (prompt): Pass (1/1)
      - ### Attribute-Matched Criteria

**LRO Pattern (SyncPoller/PollerFlux)**: Long-running operations use SyncPoller (sync) or PollerFlux (async) with begin* method prefix. No Thread.sleep() polling loops.: Pass
  - Async Uses Project Reactor (Mono/Flux) (prompt): Pass (1/1)
      - ### Attribute-Matched Criteria

**Async Uses Project Reactor (Mono/Flux)**: Async code uses Project Reactor types (Mono, Flux). Not CompletableFuture (wrong), not RxJava (wrong), not sync wrapped in ExecutorService. No .block() inside async service implementations.: Pass
  - Service-Specific Exception Handling (prompt): Fail (0/1)
      - ### Attribute-Matched Criteria

**Service-Specific Exception Handling**: Catches service-specific exceptions (BlobStorageException, CosmosException, ServiceBusException, HttpResponseException) with status code inspection. Not just generic Exception catches.: Fail
  - Code Compiles (mvn compile / gradle compileJava) (prompt): Pass (1/1)
      - ### Attribute-Matched Criteria

**Code Compiles (mvn compile / gradle compileJava)**: The generated code compiles without errors. Attempt build verification if build tools are available.: Pass
  - Try-With-Resources for Clients (prompt): Pass (1/1)
      - ### Attribute-Matched Criteria

**Try-With-Resources for Clients**: All Azure SDK client instances that implement AutoCloseable are used within try-with-resources blocks or explicitly closed in a finally block.: Pass

Graders for identity-dp-java-credential-chain / java-azure-skills/azure-skill-mcp-microsoft-skill:
- credential-chain.prompt.md (prompt file):
  - Criteria from prompt file (prompt): Pass (14/14)
      - Uses `ChainedTokenCredentialBuilder` to compose multiple credentials: Pass
      - Credentials added via `.addLast()` — order matters: Pass
      - **Dev chain**: includes `AzureCliCredential`; may include `IntelliJCredential`, `VisualStudioCodeCredential`, `AzurePowerShellCredential`: Pass
      - **CI chain**: uses `EnvironmentCredential` or `AzurePipelinesCredential` (not just `DefaultAzureCredential`): Pass
      - **Production chain**: `ManagedIdentityCredential` first (supports user-assigned via `clientId()`), `WorkloadIdentityCredential` as fallback: Pass
      - Enables CAE via `TokenRequestContext.setCaeEnabled(true)` or `enableCae()` on credential builders: Pass
      - Detects CI (checks `CI`, `TF_BUILD`, `AZURE_PIPELINE_WORKSPACE`, or similar): Pass
      - Detects production/managed identity (checks `IDENTITY_ENDPOINT`, `MSI_ENDPOINT`, or similar): Pass
      - Falls back to dev if neither detected: Pass
      - Creates `TokenRequestContext` with correct scope (`https://management.azure.com/.default`): Pass
      - Calls `getToken()` and prints token expiry from `AccessToken.getExpiresAt()`: Pass
      - Handles failure with specific exception info: Pass
      - Async tester uses reactive `getToken()` returning `Mono<AccessToken>`: Pass
      - NOT using `DefaultAzureCredential` as the CI credential (too broad): Pass
- java.yaml (criteria file):
  - Correct Dependencies (com.azure, not com.microsoft.azure) (prompt): Pass (1/1)
      - ### Attribute-Matched Criteria

**Correct Dependencies (com.azure, not com.microsoft.azure)**: Uses com.azure group ID for all Azure SDK packages. No com.microsoft.azure (legacy SDK) dependencies. Includes azure-identity for authentication.: Pass
  - Azure SDK BOM for Version Management (prompt): Fail (0/1)
      - ### Attribute-Matched Criteria

**Azure SDK BOM for Version Management**: Uses azure-sdk-bom in dependencyManagement to manage Azure SDK versions instead of hardcoding individual artifact versions. Dependencies should omit <version> tags when managed by the BOM.: Fail
  - Correct Imports (no legacy, no internal packages) (prompt): Pass (1/1)
      - ### Attribute-Matched Criteria

**Correct Imports (no legacy, no internal packages)**: All imports use com.azure.* packages. No com.microsoft.azure.* (legacy) or com.azure.*.implementation.* (internal API) imports.: Pass
  - DefaultAzureCredential Authentication (prompt): Pass (1/1)
      - ### Attribute-Matched Criteria

**DefaultAzureCredential Authentication**: Uses DefaultAzureCredential or another com.azure.identity credential. No hardcoded connection strings, account keys, SAS tokens, or secrets.: Pass
  - Client Builder Pattern (prompt): Pass (1/1)
      - ### Attribute-Matched Criteria

**Client Builder Pattern**: SDK clients constructed using *ClientBuilder classes with .endpoint() or .vaultUrl() and .credential(). No legacy constructors (CloudStorageAccount, DocumentClient, KeyVaultClient).: Pass
  - No Deprecated/Legacy Classes (prompt): Pass (1/1)
      - ### Attribute-Matched Criteria

**No Deprecated/Legacy Classes**: No deprecated classes from the old SDK (CloudStorageAccount, CloudBlobClient, DocumentClient, QueueClient, ApplicationTokenCredentials, MSICredentials, ConnectionStringBuilder).: Pass
  - Pagination (PagedIterable/PagedFlux) (prompt): Pass (1/1)
      - ### Attribute-Matched Criteria

**Pagination (PagedIterable/PagedFlux)**: List/query operations return PagedIterable (sync) or PagedFlux (async). Does not flatten all pages into a raw List or Stream in memory.: Pass
  - LRO Pattern (SyncPoller/PollerFlux) (prompt): Pass (1/1)
      - ### Attribute-Matched Criteria

**LRO Pattern (SyncPoller/PollerFlux)**: Long-running operations use SyncPoller (sync) or PollerFlux (async) with begin* method prefix. No Thread.sleep() polling loops.: Pass
  - Async Uses Project Reactor (Mono/Flux) (prompt): Pass (1/1)
      - ### Attribute-Matched Criteria

**Async Uses Project Reactor (Mono/Flux)**: Async code uses Project Reactor types (Mono, Flux). Not CompletableFuture (wrong), not RxJava (wrong), not sync wrapped in ExecutorService. No .block() inside async service implementations.: Pass
  - Service-Specific Exception Handling (prompt): Fail (0/1)
      - ### Attribute-Matched Criteria

**Service-Specific Exception Handling**: Catches service-specific exceptions (BlobStorageException, CosmosException, ServiceBusException, HttpResponseException) with status code inspection. Not just generic Exception catches.: Fail
  - Code Compiles (mvn compile / gradle compileJava) (prompt): Pass (1/1)
      - ### Attribute-Matched Criteria

**Code Compiles (mvn compile / gradle compileJava)**: The generated code compiles without errors. Attempt build verification if build tools are available.: Pass
  - Try-With-Resources for Clients (prompt): Pass (1/1)
      - ### Attribute-Matched Criteria

**Try-With-Resources for Clients**: All Azure SDK client instances that implement AutoCloseable are used within try-with-resources blocks or explicitly closed in a finally block.: Pass

Graders for identity-dp-java-default-credential / java-azure-skills/baseline:
- default-azure-credential.prompt.md (prompt file):
  - Criteria from prompt file (prompt): Pass (5/5)
      - Maven dependency for `azure-identity`: Pass
      - `DefaultAzureCredentialBuilder` pattern: Pass
      - Credential chain order in Java SDK: Pass
      - Passing credential to client builders (e.g., `SecretClientBuilder`): Pass
      - Logging configuration for authentication troubleshooting: Pass
- java.yaml (criteria file):
  - Correct Dependencies (com.azure, not com.microsoft.azure) (prompt): Pass (1/1)
      - ### Attribute-Matched Criteria

**Correct Dependencies (com.azure, not com.microsoft.azure)**: Uses com.azure group ID for all Azure SDK packages. No com.microsoft.azure (legacy SDK) dependencies. Includes azure-identity for authentication.: Pass
  - Azure SDK BOM for Version Management (prompt): Pass (1/1)
      - ### Attribute-Matched Criteria

**Azure SDK BOM for Version Management**: Uses azure-sdk-bom in dependencyManagement to manage Azure SDK versions instead of hardcoding individual artifact versions. Dependencies should omit <version> tags when managed by the BOM.: Pass
  - Correct Imports (no legacy, no internal packages) (prompt): Pass (1/1)
      - ### Attribute-Matched Criteria

**Correct Imports (no legacy, no internal packages)**: All imports use com.azure.* packages. No com.microsoft.azure.* (legacy) or com.azure.*.implementation.* (internal API) imports.: Pass
  - DefaultAzureCredential Authentication (prompt): Pass (1/1)
      - ### Attribute-Matched Criteria

**DefaultAzureCredential Authentication**: Uses DefaultAzureCredential or another com.azure.identity credential. No hardcoded connection strings, account keys, SAS tokens, or secrets.: Pass
  - Client Builder Pattern (prompt): Pass (1/1)
      - ### Attribute-Matched Criteria

**Client Builder Pattern**: SDK clients constructed using *ClientBuilder classes with .endpoint() or .vaultUrl() and .credential(). No legacy constructors (CloudStorageAccount, DocumentClient, KeyVaultClient).: Pass
  - No Deprecated/Legacy Classes (prompt): Pass (1/1)
      - ### Attribute-Matched Criteria

**No Deprecated/Legacy Classes**: No deprecated classes from the old SDK (CloudStorageAccount, CloudBlobClient, DocumentClient, QueueClient, ApplicationTokenCredentials, MSICredentials, ConnectionStringBuilder).: Pass
  - Pagination (PagedIterable/PagedFlux) (prompt): Pass (1/1)
      - ### Attribute-Matched Criteria

**Pagination (PagedIterable/PagedFlux)**: List/query operations return PagedIterable (sync) or PagedFlux (async). Does not flatten all pages into a raw List or Stream in memory.: Pass
  - LRO Pattern (SyncPoller/PollerFlux) (prompt): Pass (1/1)
      - ### Attribute-Matched Criteria

**LRO Pattern (SyncPoller/PollerFlux)**: Long-running operations use SyncPoller (sync) or PollerFlux (async) with begin* method prefix. No Thread.sleep() polling loops.: Pass
  - Async Uses Project Reactor (Mono/Flux) (prompt): Pass (1/1)
      - ### Attribute-Matched Criteria

**Async Uses Project Reactor (Mono/Flux)**: Async code uses Project Reactor types (Mono, Flux). Not CompletableFuture (wrong), not RxJava (wrong), not sync wrapped in ExecutorService. No .block() inside async service implementations.: Pass
  - Service-Specific Exception Handling (prompt): Pass (1/1)
      - ### Attribute-Matched Criteria

**Service-Specific Exception Handling**: Catches service-specific exceptions (BlobStorageException, CosmosException, ServiceBusException, HttpResponseException) with status code inspection. Not just generic Exception catches.: Pass
  - Code Compiles (mvn compile / gradle compileJava) (prompt): Pass (1/1)
      - ### Attribute-Matched Criteria

**Code Compiles (mvn compile / gradle compileJava)**: The generated code compiles without errors. Attempt build verification if build tools are available.: Pass
  - Try-With-Resources for Clients (prompt): Pass (1/1)
      - ### Attribute-Matched Criteria

**Try-With-Resources for Clients**: All Azure SDK client instances that implement AutoCloseable are used within try-with-resources blocks or explicitly closed in a finally block.: Pass

Graders for identity-dp-java-default-credential / java-azure-skills/azure-skill-mcp:
- default-azure-credential.prompt.md (prompt file):
  - Criteria from prompt file (prompt): Fail (4/5)
      - Maven dependency for `azure-identity`: Pass
      - `DefaultAzureCredentialBuilder` pattern: Pass
      - Credential chain order in Java SDK: Pass
      - Passing credential to client builders (e.g., `SecretClientBuilder`): Pass
      - Logging configuration for authentication troubleshooting: Fail
- java.yaml (criteria file):
  - Correct Dependencies (com.azure, not com.microsoft.azure) (prompt): Pass (1/1)
      - ### Attribute-Matched Criteria

**Correct Dependencies (com.azure, not com.microsoft.azure)**: Uses com.azure group ID for all Azure SDK packages. No com.microsoft.azure (legacy SDK) dependencies. Includes azure-identity for authentication.: Pass
  - Azure SDK BOM for Version Management (prompt): Fail (0/1)
      - ### Attribute-Matched Criteria

**Azure SDK BOM for Version Management**: Uses azure-sdk-bom in dependencyManagement to manage Azure SDK versions instead of hardcoding individual artifact versions. Dependencies should omit <version> tags when managed by the BOM.: Fail
  - Correct Imports (no legacy, no internal packages) (prompt): Pass (1/1)
      - ### Attribute-Matched Criteria

**Correct Imports (no legacy, no internal packages)**: All imports use com.azure.* packages. No com.microsoft.azure.* (legacy) or com.azure.*.implementation.* (internal API) imports.: Pass
  - DefaultAzureCredential Authentication (prompt): Pass (1/1)
      - ### Attribute-Matched Criteria

**DefaultAzureCredential Authentication**: Uses DefaultAzureCredential or another com.azure.identity credential. No hardcoded connection strings, account keys, SAS tokens, or secrets.: Pass
  - Client Builder Pattern (prompt): Pass (1/1)
      - ### Attribute-Matched Criteria

**Client Builder Pattern**: SDK clients constructed using *ClientBuilder classes with .endpoint() or .vaultUrl() and .credential(). No legacy constructors (CloudStorageAccount, DocumentClient, KeyVaultClient).: Pass
  - No Deprecated/Legacy Classes (prompt): Pass (1/1)
      - ### Attribute-Matched Criteria

**No Deprecated/Legacy Classes**: No deprecated classes from the old SDK (CloudStorageAccount, CloudBlobClient, DocumentClient, QueueClient, ApplicationTokenCredentials, MSICredentials, ConnectionStringBuilder).: Pass
  - Pagination (PagedIterable/PagedFlux) (prompt): Pass (1/1)
      - ### Attribute-Matched Criteria

**Pagination (PagedIterable/PagedFlux)**: List/query operations return PagedIterable (sync) or PagedFlux (async). Does not flatten all pages into a raw List or Stream in memory.: Pass
  - LRO Pattern (SyncPoller/PollerFlux) (prompt): Pass (1/1)
      - ### Attribute-Matched Criteria

**LRO Pattern (SyncPoller/PollerFlux)**: Long-running operations use SyncPoller (sync) or PollerFlux (async) with begin* method prefix. No Thread.sleep() polling loops.: Pass
  - Async Uses Project Reactor (Mono/Flux) (prompt): Pass (1/1)
      - ### Attribute-Matched Criteria

**Async Uses Project Reactor (Mono/Flux)**: Async code uses Project Reactor types (Mono, Flux). Not CompletableFuture (wrong), not RxJava (wrong), not sync wrapped in ExecutorService. No .block() inside async service implementations.: Pass
  - Service-Specific Exception Handling (prompt): Pass (1/1)
      - ### Attribute-Matched Criteria

**Service-Specific Exception Handling**: Catches service-specific exceptions (BlobStorageException, CosmosException, ServiceBusException, HttpResponseException) with status code inspection. Not just generic Exception catches.: Pass
  - Code Compiles (mvn compile / gradle compileJava) (prompt): Pass (1/1)
      - ### Attribute-Matched Criteria

**Code Compiles (mvn compile / gradle compileJava)**: The generated code compiles without errors. Attempt build verification if build tools are available.: Pass
  - Try-With-Resources for Clients (prompt): Pass (1/1)
      - ### Attribute-Matched Criteria

**Try-With-Resources for Clients**: All Azure SDK client instances that implement AutoCloseable are used within try-with-resources blocks or explicitly closed in a finally block.: Pass

Graders for identity-dp-java-default-credential / java-azure-skills/azure-skill-mcp-microsoft-skill:
- default-azure-credential.prompt.md (prompt file):
  - Criteria from prompt file (prompt): Pass (5/5)
      - Maven dependency for `azure-identity`: Pass
      - `DefaultAzureCredentialBuilder` pattern: Pass
      - Credential chain order in Java SDK: Pass
      - Passing credential to client builders (e.g., `SecretClientBuilder`): Pass
      - Logging configuration for authentication troubleshooting: Pass
- java.yaml (criteria file):
  - Correct Dependencies (com.azure, not com.microsoft.azure) (prompt): Pass (1/1)
      - ### Attribute-Matched Criteria

**Correct Dependencies (com.azure, not com.microsoft.azure)**: Uses com.azure group ID for all Azure SDK packages. No com.microsoft.azure (legacy SDK) dependencies. Includes azure-identity for authentication.: Pass
  - Azure SDK BOM for Version Management (prompt): Fail (0/1)
      - ### Attribute-Matched Criteria

**Azure SDK BOM for Version Management**: Uses azure-sdk-bom in dependencyManagement to manage Azure SDK versions instead of hardcoding individual artifact versions. Dependencies should omit <version> tags when managed by the BOM.: Fail
  - Correct Imports (no legacy, no internal packages) (prompt): Pass (1/1)
      - ### Attribute-Matched Criteria

**Correct Imports (no legacy, no internal packages)**: All imports use com.azure.* packages. No com.microsoft.azure.* (legacy) or com.azure.*.implementation.* (internal API) imports.: Pass
  - DefaultAzureCredential Authentication (prompt): Pass (1/1)
      - ### Attribute-Matched Criteria

**DefaultAzureCredential Authentication**: Uses DefaultAzureCredential or another com.azure.identity credential. No hardcoded connection strings, account keys, SAS tokens, or secrets.: Pass
  - Client Builder Pattern (prompt): Pass (1/1)
      - ### Attribute-Matched Criteria

**Client Builder Pattern**: SDK clients constructed using *ClientBuilder classes with .endpoint() or .vaultUrl() and .credential(). No legacy constructors (CloudStorageAccount, DocumentClient, KeyVaultClient).: Pass
  - No Deprecated/Legacy Classes (prompt): Pass (1/1)
      - ### Attribute-Matched Criteria

**No Deprecated/Legacy Classes**: No deprecated classes from the old SDK (CloudStorageAccount, CloudBlobClient, DocumentClient, QueueClient, ApplicationTokenCredentials, MSICredentials, ConnectionStringBuilder).: Pass
  - Pagination (PagedIterable/PagedFlux) (prompt): Pass (1/1)
      - ### Attribute-Matched Criteria

**Pagination (PagedIterable/PagedFlux)**: List/query operations return PagedIterable (sync) or PagedFlux (async). Does not flatten all pages into a raw List or Stream in memory.: Pass
  - LRO Pattern (SyncPoller/PollerFlux) (prompt): Pass (1/1)
      - ### Attribute-Matched Criteria

**LRO Pattern (SyncPoller/PollerFlux)**: Long-running operations use SyncPoller (sync) or PollerFlux (async) with begin* method prefix. No Thread.sleep() polling loops.: Pass
  - Async Uses Project Reactor (Mono/Flux) (prompt): Pass (1/1)
      - ### Attribute-Matched Criteria

**Async Uses Project Reactor (Mono/Flux)**: Async code uses Project Reactor types (Mono, Flux). Not CompletableFuture (wrong), not RxJava (wrong), not sync wrapped in ExecutorService. No .block() inside async service implementations.: Pass
  - Service-Specific Exception Handling (prompt): Pass (1/1)
      - ### Attribute-Matched Criteria

**Service-Specific Exception Handling**: Catches service-specific exceptions (BlobStorageException, CosmosException, ServiceBusException, HttpResponseException) with status code inspection. Not just generic Exception catches.: Pass
  - Code Compiles (mvn compile / gradle compileJava) (prompt): Fail (0/1)
      - ### Attribute-Matched Criteria

**Code Compiles (mvn compile / gradle compileJava)**: The generated code compiles without errors. Attempt build verification if build tools are available.: Fail
  - Try-With-Resources for Clients (prompt): Pass (1/1)
      - ### Attribute-Matched Criteria

**Try-With-Resources for Clients**: All Azure SDK client instances that implement AutoCloseable are used within try-with-resources blocks or explicitly closed in a finally block.: Pass

Graders for identity-dp-java-managed-identity / java-azure-skills/baseline:
- managed-identity-auth.prompt.md (prompt file):
  - Criteria from prompt file (prompt): Fail (5/6)
      - `ManagedIdentityCredentialBuilder` class: Pass
      - System-assigned: default builder with no client ID: Pass
      - User-assigned: `.clientId()` on the builder: Pass
      - Integration with `DefaultAzureCredential` chain: Pass
      - `CredentialUnavailableException` when not in Azure: Pass
      - `ChainedTokenCredentialBuilder` for local fallback: Fail
- java.yaml (criteria file):
  - Correct Dependencies (com.azure, not com.microsoft.azure) (prompt): Pass (1/1)
      - ### Attribute-Matched Criteria

**Correct Dependencies (com.azure, not com.microsoft.azure)**: Uses com.azure group ID for all Azure SDK packages. No com.microsoft.azure (legacy SDK) dependencies. Includes azure-identity for authentication.: Pass
  - Azure SDK BOM for Version Management (prompt): Fail (0/1)
      - ### Attribute-Matched Criteria

**Azure SDK BOM for Version Management**: Uses azure-sdk-bom in dependencyManagement to manage Azure SDK versions instead of hardcoding individual artifact versions. Dependencies should omit <version> tags when managed by the BOM.: Fail
  - Correct Imports (no legacy, no internal packages) (prompt): Pass (1/1)
      - ### Attribute-Matched Criteria

**Correct Imports (no legacy, no internal packages)**: All imports use com.azure.* packages. No com.microsoft.azure.* (legacy) or com.azure.*.implementation.* (internal API) imports.: Pass
  - DefaultAzureCredential Authentication (prompt): Pass (1/1)
      - ### Attribute-Matched Criteria

**DefaultAzureCredential Authentication**: Uses DefaultAzureCredential or another com.azure.identity credential. No hardcoded connection strings, account keys, SAS tokens, or secrets.: Pass
  - Client Builder Pattern (prompt): Pass (1/1)
      - ### Attribute-Matched Criteria

**Client Builder Pattern**: SDK clients constructed using *ClientBuilder classes with .endpoint() or .vaultUrl() and .credential(). No legacy constructors (CloudStorageAccount, DocumentClient, KeyVaultClient).: Pass
  - No Deprecated/Legacy Classes (prompt): Pass (1/1)
      - ### Attribute-Matched Criteria

**No Deprecated/Legacy Classes**: No deprecated classes from the old SDK (CloudStorageAccount, CloudBlobClient, DocumentClient, QueueClient, ApplicationTokenCredentials, MSICredentials, ConnectionStringBuilder).: Pass
  - Pagination (PagedIterable/PagedFlux) (prompt): Pass (1/1)
      - ### Attribute-Matched Criteria

**Pagination (PagedIterable/PagedFlux)**: List/query operations return PagedIterable (sync) or PagedFlux (async). Does not flatten all pages into a raw List or Stream in memory.: Pass
  - LRO Pattern (SyncPoller/PollerFlux) (prompt): Pass (1/1)
      - ### Attribute-Matched Criteria

**LRO Pattern (SyncPoller/PollerFlux)**: Long-running operations use SyncPoller (sync) or PollerFlux (async) with begin* method prefix. No Thread.sleep() polling loops.: Pass
  - Async Uses Project Reactor (Mono/Flux) (prompt): Pass (1/1)
      - ### Attribute-Matched Criteria

**Async Uses Project Reactor (Mono/Flux)**: Async code uses Project Reactor types (Mono, Flux). Not CompletableFuture (wrong), not RxJava (wrong), not sync wrapped in ExecutorService. No .block() inside async service implementations.: Pass
  - Service-Specific Exception Handling (prompt): Fail (0/1)
      - ### Attribute-Matched Criteria

**Service-Specific Exception Handling**: Catches service-specific exceptions (BlobStorageException, CosmosException, ServiceBusException, HttpResponseException) with status code inspection. Not just generic Exception catches.: Fail
  - Code Compiles (mvn compile / gradle compileJava) (prompt): Pass (1/1)
      - ### Attribute-Matched Criteria

**Code Compiles (mvn compile / gradle compileJava)**: The generated code compiles without errors. Attempt build verification if build tools are available.: Pass
  - Try-With-Resources for Clients (prompt): Pass (1/1)
      - ### Attribute-Matched Criteria

**Try-With-Resources for Clients**: All Azure SDK client instances that implement AutoCloseable are used within try-with-resources blocks or explicitly closed in a finally block.: Pass

Graders for identity-dp-java-managed-identity / java-azure-skills/azure-skill-mcp:
- managed-identity-auth.prompt.md (prompt file):
  - Criteria from prompt file (prompt): Fail (5/6)
      - `ManagedIdentityCredentialBuilder` class: Pass
      - System-assigned: default builder with no client ID: Pass
      - User-assigned: `.clientId()` on the builder: Pass
      - Integration with `DefaultAzureCredential` chain: Pass
      - `CredentialUnavailableException` when not in Azure: Pass
      - `ChainedTokenCredentialBuilder` for local fallback: Fail
- java.yaml (criteria file):
  - Correct Dependencies (com.azure, not com.microsoft.azure) (prompt): Pass (1/1)
      - ### Attribute-Matched Criteria

**Correct Dependencies (com.azure, not com.microsoft.azure)**: Uses com.azure group ID for all Azure SDK packages. No com.microsoft.azure (legacy SDK) dependencies. Includes azure-identity for authentication.: Pass
  - Azure SDK BOM for Version Management (prompt): Pass (1/1)
      - ### Attribute-Matched Criteria

**Azure SDK BOM for Version Management**: Uses azure-sdk-bom in dependencyManagement to manage Azure SDK versions instead of hardcoding individual artifact versions. Dependencies should omit <version> tags when managed by the BOM.: Pass
  - Correct Imports (no legacy, no internal packages) (prompt): Pass (1/1)
      - ### Attribute-Matched Criteria

**Correct Imports (no legacy, no internal packages)**: All imports use com.azure.* packages. No com.microsoft.azure.* (legacy) or com.azure.*.implementation.* (internal API) imports.: Pass
  - DefaultAzureCredential Authentication (prompt): Pass (1/1)
      - ### Attribute-Matched Criteria

**DefaultAzureCredential Authentication**: Uses DefaultAzureCredential or another com.azure.identity credential. No hardcoded connection strings, account keys, SAS tokens, or secrets.: Pass
  - Client Builder Pattern (prompt): Pass (1/1)
      - ### Attribute-Matched Criteria

**Client Builder Pattern**: SDK clients constructed using *ClientBuilder classes with .endpoint() or .vaultUrl() and .credential(). No legacy constructors (CloudStorageAccount, DocumentClient, KeyVaultClient).: Pass
  - No Deprecated/Legacy Classes (prompt): Pass (1/1)
      - ### Attribute-Matched Criteria

**No Deprecated/Legacy Classes**: No deprecated classes from the old SDK (CloudStorageAccount, CloudBlobClient, DocumentClient, QueueClient, ApplicationTokenCredentials, MSICredentials, ConnectionStringBuilder).: Pass
  - Pagination (PagedIterable/PagedFlux) (prompt): Pass (1/1)
      - ### Attribute-Matched Criteria

**Pagination (PagedIterable/PagedFlux)**: List/query operations return PagedIterable (sync) or PagedFlux (async). Does not flatten all pages into a raw List or Stream in memory.: Pass
  - LRO Pattern (SyncPoller/PollerFlux) (prompt): Pass (1/1)
      - ### Attribute-Matched Criteria

**LRO Pattern (SyncPoller/PollerFlux)**: Long-running operations use SyncPoller (sync) or PollerFlux (async) with begin* method prefix. No Thread.sleep() polling loops.: Pass
  - Async Uses Project Reactor (Mono/Flux) (prompt): Pass (1/1)
      - ### Attribute-Matched Criteria

**Async Uses Project Reactor (Mono/Flux)**: Async code uses Project Reactor types (Mono, Flux). Not CompletableFuture (wrong), not RxJava (wrong), not sync wrapped in ExecutorService. No .block() inside async service implementations.: Pass
  - Service-Specific Exception Handling (prompt): Pass (1/1)
      - ### Attribute-Matched Criteria

**Service-Specific Exception Handling**: Catches service-specific exceptions (BlobStorageException, CosmosException, ServiceBusException, HttpResponseException) with status code inspection. Not just generic Exception catches.: Pass
  - Code Compiles (mvn compile / gradle compileJava) (prompt): Fail (0/1)
      - ### Attribute-Matched Criteria

**Code Compiles (mvn compile / gradle compileJava)**: The generated code compiles without errors. Attempt build verification if build tools are available.: Fail
  - Try-With-Resources for Clients (prompt): Pass (1/1)
      - ### Attribute-Matched Criteria

**Try-With-Resources for Clients**: All Azure SDK client instances that implement AutoCloseable are used within try-with-resources blocks or explicitly closed in a finally block.: Pass

Graders for identity-dp-java-managed-identity / java-azure-skills/azure-skill-mcp-microsoft-skill:
- managed-identity-auth.prompt.md (prompt file):
  - Criteria from prompt file (prompt): Fail (5/6)
      - `ManagedIdentityCredentialBuilder` class: Pass
      - System-assigned: default builder with no client ID: Pass
      - User-assigned: `.clientId()` on the builder: Pass
      - Integration with `DefaultAzureCredential` chain: Pass
      - `CredentialUnavailableException` when not in Azure: Pass
      - `ChainedTokenCredentialBuilder` for local fallback: Fail
- java.yaml (criteria file):
  - Correct Dependencies (com.azure, not com.microsoft.azure) (prompt): Pass (1/1)
      - ### Attribute-Matched Criteria

**Correct Dependencies (com.azure, not com.microsoft.azure)**: Uses com.azure group ID for all Azure SDK packages. No com.microsoft.azure (legacy SDK) dependencies. Includes azure-identity for authentication.: Pass
  - Azure SDK BOM for Version Management (prompt): Fail (0/1)
      - ### Attribute-Matched Criteria

**Azure SDK BOM for Version Management**: Uses azure-sdk-bom in dependencyManagement to manage Azure SDK versions instead of hardcoding individual artifact versions. Dependencies should omit <version> tags when managed by the BOM.: Fail
  - Correct Imports (no legacy, no internal packages) (prompt): Pass (1/1)
      - ### Attribute-Matched Criteria

**Correct Imports (no legacy, no internal packages)**: All imports use com.azure.* packages. No com.microsoft.azure.* (legacy) or com.azure.*.implementation.* (internal API) imports.: Pass
  - DefaultAzureCredential Authentication (prompt): Pass (1/1)
      - ### Attribute-Matched Criteria

**DefaultAzureCredential Authentication**: Uses DefaultAzureCredential or another com.azure.identity credential. No hardcoded connection strings, account keys, SAS tokens, or secrets.: Pass
  - Client Builder Pattern (prompt): Pass (1/1)
      - ### Attribute-Matched Criteria

**Client Builder Pattern**: SDK clients constructed using *ClientBuilder classes with .endpoint() or .vaultUrl() and .credential(). No legacy constructors (CloudStorageAccount, DocumentClient, KeyVaultClient).: Pass
  - No Deprecated/Legacy Classes (prompt): Pass (1/1)
      - ### Attribute-Matched Criteria

**No Deprecated/Legacy Classes**: No deprecated classes from the old SDK (CloudStorageAccount, CloudBlobClient, DocumentClient, QueueClient, ApplicationTokenCredentials, MSICredentials, ConnectionStringBuilder).: Pass
  - Pagination (PagedIterable/PagedFlux) (prompt): Pass (1/1)
      - ### Attribute-Matched Criteria

**Pagination (PagedIterable/PagedFlux)**: List/query operations return PagedIterable (sync) or PagedFlux (async). Does not flatten all pages into a raw List or Stream in memory.: Pass
  - LRO Pattern (SyncPoller/PollerFlux) (prompt): Pass (1/1)
      - ### Attribute-Matched Criteria

**LRO Pattern (SyncPoller/PollerFlux)**: Long-running operations use SyncPoller (sync) or PollerFlux (async) with begin* method prefix. No Thread.sleep() polling loops.: Pass
  - Async Uses Project Reactor (Mono/Flux) (prompt): Pass (1/1)
      - ### Attribute-Matched Criteria

**Async Uses Project Reactor (Mono/Flux)**: Async code uses Project Reactor types (Mono, Flux). Not CompletableFuture (wrong), not RxJava (wrong), not sync wrapped in ExecutorService. No .block() inside async service implementations.: Pass
  - Service-Specific Exception Handling (prompt): Pass (1/1)
      - ### Attribute-Matched Criteria

**Service-Specific Exception Handling**: Catches service-specific exceptions (BlobStorageException, CosmosException, ServiceBusException, HttpResponseException) with status code inspection. Not just generic Exception catches.: Pass
  - Code Compiles (mvn compile / gradle compileJava) (prompt): Fail (0/1)
      - ### Attribute-Matched Criteria

**Code Compiles (mvn compile / gradle compileJava)**: The generated code compiles without errors. Attempt build verification if build tools are available.: Fail
  - Try-With-Resources for Clients (prompt): Pass (1/1)
      - ### Attribute-Matched Criteria

**Try-With-Resources for Clients**: All Azure SDK client instances that implement AutoCloseable are used within try-with-resources blocks or explicitly closed in a finally block.: Pass

Graders for identity-dp-java-service-principal / java-azure-skills/baseline:
- service-principal-auth.prompt.md (prompt file):
  - Criteria from prompt file (prompt): Pass (5/5)
      - Maven dependency for `azure-identity`: Pass
      - `ClientSecretCredentialBuilder` with tenantId, clientId, clientSecret: Pass
      - Passing credential to Azure SDK client builders: Pass
      - Environment variable patterns for secret storage: Pass
      - `AuthenticationException` handling: Pass
- java.yaml (criteria file):
  - Correct Dependencies (com.azure, not com.microsoft.azure) (prompt): Pass (1/1)
      - ### Attribute-Matched Criteria

**Correct Dependencies (com.azure, not com.microsoft.azure)**: Uses com.azure group ID for all Azure SDK packages. No com.microsoft.azure (legacy SDK) dependencies. Includes azure-identity for authentication.: Pass
  - Azure SDK BOM for Version Management (prompt): Pass (1/1)
      - ### Attribute-Matched Criteria

**Azure SDK BOM for Version Management**: Uses azure-sdk-bom in dependencyManagement to manage Azure SDK versions instead of hardcoding individual artifact versions. Dependencies should omit <version> tags when managed by the BOM.: Pass
  - Correct Imports (no legacy, no internal packages) (prompt): Pass (1/1)
      - ### Attribute-Matched Criteria

**Correct Imports (no legacy, no internal packages)**: All imports use com.azure.* packages. No com.microsoft.azure.* (legacy) or com.azure.*.implementation.* (internal API) imports.: Pass
  - DefaultAzureCredential Authentication (prompt): Pass (1/1)
      - ### Attribute-Matched Criteria

**DefaultAzureCredential Authentication**: Uses DefaultAzureCredential or another com.azure.identity credential. No hardcoded connection strings, account keys, SAS tokens, or secrets.: Pass
  - Client Builder Pattern (prompt): Pass (1/1)
      - ### Attribute-Matched Criteria

**Client Builder Pattern**: SDK clients constructed using *ClientBuilder classes with .endpoint() or .vaultUrl() and .credential(). No legacy constructors (CloudStorageAccount, DocumentClient, KeyVaultClient).: Pass
  - No Deprecated/Legacy Classes (prompt): Pass (1/1)
      - ### Attribute-Matched Criteria

**No Deprecated/Legacy Classes**: No deprecated classes from the old SDK (CloudStorageAccount, CloudBlobClient, DocumentClient, QueueClient, ApplicationTokenCredentials, MSICredentials, ConnectionStringBuilder).: Pass
  - Pagination (PagedIterable/PagedFlux) (prompt): Pass (1/1)
      - ### Attribute-Matched Criteria

**Pagination (PagedIterable/PagedFlux)**: List/query operations return PagedIterable (sync) or PagedFlux (async). Does not flatten all pages into a raw List or Stream in memory.: Pass
  - LRO Pattern (SyncPoller/PollerFlux) (prompt): Pass (1/1)
      - ### Attribute-Matched Criteria

**LRO Pattern (SyncPoller/PollerFlux)**: Long-running operations use SyncPoller (sync) or PollerFlux (async) with begin* method prefix. No Thread.sleep() polling loops.: Pass
  - Async Uses Project Reactor (Mono/Flux) (prompt): Pass (1/1)
      - ### Attribute-Matched Criteria

**Async Uses Project Reactor (Mono/Flux)**: Async code uses Project Reactor types (Mono, Flux). Not CompletableFuture (wrong), not RxJava (wrong), not sync wrapped in ExecutorService. No .block() inside async service implementations.: Pass
  - Service-Specific Exception Handling (prompt): Pass (1/1)
      - ### Attribute-Matched Criteria

**Service-Specific Exception Handling**: Catches service-specific exceptions (BlobStorageException, CosmosException, ServiceBusException, HttpResponseException) with status code inspection. Not just generic Exception catches.: Pass
  - Code Compiles (mvn compile / gradle compileJava) (prompt): Fail (0/1)
      - ### Attribute-Matched Criteria

**Code Compiles (mvn compile / gradle compileJava)**: The generated code compiles without errors. Attempt build verification if build tools are available.: Fail
  - Try-With-Resources for Clients (prompt): Pass (1/1)
      - ### Attribute-Matched Criteria

**Try-With-Resources for Clients**: All Azure SDK client instances that implement AutoCloseable are used within try-with-resources blocks or explicitly closed in a finally block.: Pass

Graders for identity-dp-java-service-principal / java-azure-skills/azure-skill-mcp:
- service-principal-auth.prompt.md (prompt file):
  - Criteria from prompt file (prompt): Pass (5/5)
      - Maven dependency for `azure-identity`: Pass
      - `ClientSecretCredentialBuilder` with tenantId, clientId, clientSecret: Pass
      - Passing credential to Azure SDK client builders: Pass
      - Environment variable patterns for secret storage: Pass
      - `AuthenticationException` handling: Pass
- java.yaml (criteria file):
  - Correct Dependencies (com.azure, not com.microsoft.azure) (prompt): Pass (1/1)
      - ### Attribute-Matched Criteria

**Correct Dependencies (com.azure, not com.microsoft.azure)**: Uses com.azure group ID for all Azure SDK packages. No com.microsoft.azure (legacy SDK) dependencies. Includes azure-identity for authentication.: Pass
  - Azure SDK BOM for Version Management (prompt): Pass (1/1)
      - ### Attribute-Matched Criteria

**Azure SDK BOM for Version Management**: Uses azure-sdk-bom in dependencyManagement to manage Azure SDK versions instead of hardcoding individual artifact versions. Dependencies should omit <version> tags when managed by the BOM.: Pass
  - Correct Imports (no legacy, no internal packages) (prompt): Pass (1/1)
      - ### Attribute-Matched Criteria

**Correct Imports (no legacy, no internal packages)**: All imports use com.azure.* packages. No com.microsoft.azure.* (legacy) or com.azure.*.implementation.* (internal API) imports.: Pass
  - DefaultAzureCredential Authentication (prompt): Pass (1/1)
      - ### Attribute-Matched Criteria

**DefaultAzureCredential Authentication**: Uses DefaultAzureCredential or another com.azure.identity credential. No hardcoded connection strings, account keys, SAS tokens, or secrets.: Pass
  - Client Builder Pattern (prompt): Pass (1/1)
      - ### Attribute-Matched Criteria

**Client Builder Pattern**: SDK clients constructed using *ClientBuilder classes with .endpoint() or .vaultUrl() and .credential(). No legacy constructors (CloudStorageAccount, DocumentClient, KeyVaultClient).: Pass
  - No Deprecated/Legacy Classes (prompt): Pass (1/1)
      - ### Attribute-Matched Criteria

**No Deprecated/Legacy Classes**: No deprecated classes from the old SDK (CloudStorageAccount, CloudBlobClient, DocumentClient, QueueClient, ApplicationTokenCredentials, MSICredentials, ConnectionStringBuilder).: Pass
  - Pagination (PagedIterable/PagedFlux) (prompt): Pass (1/1)
      - ### Attribute-Matched Criteria

**Pagination (PagedIterable/PagedFlux)**: List/query operations return PagedIterable (sync) or PagedFlux (async). Does not flatten all pages into a raw List or Stream in memory.: Pass
  - LRO Pattern (SyncPoller/PollerFlux) (prompt): Pass (1/1)
      - ### Attribute-Matched Criteria

**LRO Pattern (SyncPoller/PollerFlux)**: Long-running operations use SyncPoller (sync) or PollerFlux (async) with begin* method prefix. No Thread.sleep() polling loops.: Pass
  - Async Uses Project Reactor (Mono/Flux) (prompt): Pass (1/1)
      - ### Attribute-Matched Criteria

**Async Uses Project Reactor (Mono/Flux)**: Async code uses Project Reactor types (Mono, Flux). Not CompletableFuture (wrong), not RxJava (wrong), not sync wrapped in ExecutorService. No .block() inside async service implementations.: Pass
  - Service-Specific Exception Handling (prompt): Pass (1/1)
      - ### Attribute-Matched Criteria

**Service-Specific Exception Handling**: Catches service-specific exceptions (BlobStorageException, CosmosException, ServiceBusException, HttpResponseException) with status code inspection. Not just generic Exception catches.: Pass
  - Code Compiles (mvn compile / gradle compileJava) (prompt): Fail (0/1)
      - ### Attribute-Matched Criteria

**Code Compiles (mvn compile / gradle compileJava)**: The generated code compiles without errors. Attempt build verification if build tools are available.: Fail
  - Try-With-Resources for Clients (prompt): Pass (1/1)
      - ### Attribute-Matched Criteria

**Try-With-Resources for Clients**: All Azure SDK client instances that implement AutoCloseable are used within try-with-resources blocks or explicitly closed in a finally block.: Pass

Graders for identity-dp-java-service-principal / java-azure-skills/azure-skill-mcp-microsoft-skill:
- service-principal-auth.prompt.md (prompt file):
  - Criteria from prompt file (prompt): Pass (5/5)
      - Maven dependency for `azure-identity`: Pass
      - `ClientSecretCredentialBuilder` with tenantId, clientId, clientSecret: Pass
      - Passing credential to Azure SDK client builders: Pass
      - Environment variable patterns for secret storage: Pass
      - `AuthenticationException` handling: Pass
- java.yaml (criteria file):
  - Correct Dependencies (com.azure, not com.microsoft.azure) (prompt): Pass (1/1)
      - ### Attribute-Matched Criteria

**Correct Dependencies (com.azure, not com.microsoft.azure)**: Uses com.azure group ID for all Azure SDK packages. No com.microsoft.azure (legacy SDK) dependencies. Includes azure-identity for authentication.: Pass
  - Azure SDK BOM for Version Management (prompt): Pass (1/1)
      - ### Attribute-Matched Criteria

**Azure SDK BOM for Version Management**: Uses azure-sdk-bom in dependencyManagement to manage Azure SDK versions instead of hardcoding individual artifact versions. Dependencies should omit <version> tags when managed by the BOM.: Pass
  - Correct Imports (no legacy, no internal packages) (prompt): Pass (1/1)
      - ### Attribute-Matched Criteria

**Correct Imports (no legacy, no internal packages)**: All imports use com.azure.* packages. No com.microsoft.azure.* (legacy) or com.azure.*.implementation.* (internal API) imports.: Pass
  - DefaultAzureCredential Authentication (prompt): Pass (1/1)
      - ### Attribute-Matched Criteria

**DefaultAzureCredential Authentication**: Uses DefaultAzureCredential or another com.azure.identity credential. No hardcoded connection strings, account keys, SAS tokens, or secrets.: Pass
  - Client Builder Pattern (prompt): Pass (1/1)
      - ### Attribute-Matched Criteria

**Client Builder Pattern**: SDK clients constructed using *ClientBuilder classes with .endpoint() or .vaultUrl() and .credential(). No legacy constructors (CloudStorageAccount, DocumentClient, KeyVaultClient).: Pass
  - No Deprecated/Legacy Classes (prompt): Pass (1/1)
      - ### Attribute-Matched Criteria

**No Deprecated/Legacy Classes**: No deprecated classes from the old SDK (CloudStorageAccount, CloudBlobClient, DocumentClient, QueueClient, ApplicationTokenCredentials, MSICredentials, ConnectionStringBuilder).: Pass
  - Pagination (PagedIterable/PagedFlux) (prompt): Pass (1/1)
      - ### Attribute-Matched Criteria

**Pagination (PagedIterable/PagedFlux)**: List/query operations return PagedIterable (sync) or PagedFlux (async). Does not flatten all pages into a raw List or Stream in memory.: Pass
  - LRO Pattern (SyncPoller/PollerFlux) (prompt): Pass (1/1)
      - ### Attribute-Matched Criteria

**LRO Pattern (SyncPoller/PollerFlux)**: Long-running operations use SyncPoller (sync) or PollerFlux (async) with begin* method prefix. No Thread.sleep() polling loops.: Pass
  - Async Uses Project Reactor (Mono/Flux) (prompt): Pass (1/1)
      - ### Attribute-Matched Criteria

**Async Uses Project Reactor (Mono/Flux)**: Async code uses Project Reactor types (Mono, Flux). Not CompletableFuture (wrong), not RxJava (wrong), not sync wrapped in ExecutorService. No .block() inside async service implementations.: Pass
  - Service-Specific Exception Handling (prompt): Pass (1/1)
      - ### Attribute-Matched Criteria

**Service-Specific Exception Handling**: Catches service-specific exceptions (BlobStorageException, CosmosException, ServiceBusException, HttpResponseException) with status code inspection. Not just generic Exception catches.: Pass
  - Code Compiles (mvn compile / gradle compileJava) (prompt): Pass (1/1)
      - ### Attribute-Matched Criteria

**Code Compiles (mvn compile / gradle compileJava)**: The generated code compiles without errors. Attempt build verification if build tools are available.: Pass
  - Try-With-Resources for Clients (prompt): Pass (1/1)
      - ### Attribute-Matched Criteria

**Try-With-Resources for Clients**: All Azure SDK client instances that implement AutoCloseable are used within try-with-resources blocks or explicitly closed in a finally block.: Pass

Graders for key-vault-dp-java-crud / java-azure-skills/baseline:
- crud-secrets.prompt.md (prompt file):
  - Criteria from prompt file (prompt): Pass (5/5)
      - Maven dependency for `azure-security-keyvault-secrets` and `azure-identity`: Pass
      - Creating a `SecretClient` with `SecretClientBuilder`: Pass
      - `setSecret()`, `getSecret()`, `beginDeleteSecret()`, `purgeDeletedSecret()`: Pass
      - Using `SyncPoller` to wait for delete completion before purge: Pass
      - Exception handling for `HttpResponseException`: Pass
- java.yaml (criteria file):
  - Correct Dependencies (com.azure, not com.microsoft.azure) (prompt): Pass (1/1)
      - ### Attribute-Matched Criteria

**Correct Dependencies (com.azure, not com.microsoft.azure)**: Uses com.azure group ID for all Azure SDK packages. No com.microsoft.azure (legacy SDK) dependencies. Includes azure-identity for authentication.: Pass
  - Azure SDK BOM for Version Management (prompt): Fail (0/1)
      - ### Attribute-Matched Criteria

**Azure SDK BOM for Version Management**: Uses azure-sdk-bom in dependencyManagement to manage Azure SDK versions instead of hardcoding individual artifact versions. Dependencies should omit <version> tags when managed by the BOM.: Fail
  - Correct Imports (no legacy, no internal packages) (prompt): Pass (1/1)
      - ### Attribute-Matched Criteria

**Correct Imports (no legacy, no internal packages)**: All imports use com.azure.* packages. No com.microsoft.azure.* (legacy) or com.azure.*.implementation.* (internal API) imports.: Pass
  - DefaultAzureCredential Authentication (prompt): Pass (1/1)
      - ### Attribute-Matched Criteria

**DefaultAzureCredential Authentication**: Uses DefaultAzureCredential or another com.azure.identity credential. No hardcoded connection strings, account keys, SAS tokens, or secrets.: Pass
  - Client Builder Pattern (prompt): Pass (1/1)
      - ### Attribute-Matched Criteria

**Client Builder Pattern**: SDK clients constructed using *ClientBuilder classes with .endpoint() or .vaultUrl() and .credential(). No legacy constructors (CloudStorageAccount, DocumentClient, KeyVaultClient).: Pass
  - No Deprecated/Legacy Classes (prompt): Pass (1/1)
      - ### Attribute-Matched Criteria

**No Deprecated/Legacy Classes**: No deprecated classes from the old SDK (CloudStorageAccount, CloudBlobClient, DocumentClient, QueueClient, ApplicationTokenCredentials, MSICredentials, ConnectionStringBuilder).: Pass
  - Pagination (PagedIterable/PagedFlux) (prompt): Pass (1/1)
      - ### Attribute-Matched Criteria

**Pagination (PagedIterable/PagedFlux)**: List/query operations return PagedIterable (sync) or PagedFlux (async). Does not flatten all pages into a raw List or Stream in memory.: Pass
  - LRO Pattern (SyncPoller/PollerFlux) (prompt): Pass (1/1)
      - ### Attribute-Matched Criteria

**LRO Pattern (SyncPoller/PollerFlux)**: Long-running operations use SyncPoller (sync) or PollerFlux (async) with begin* method prefix. No Thread.sleep() polling loops.: Pass
  - Async Uses Project Reactor (Mono/Flux) (prompt): Pass (1/1)
      - ### Attribute-Matched Criteria

**Async Uses Project Reactor (Mono/Flux)**: Async code uses Project Reactor types (Mono, Flux). Not CompletableFuture (wrong), not RxJava (wrong), not sync wrapped in ExecutorService. No .block() inside async service implementations.: Pass
  - Service-Specific Exception Handling (prompt): Pass (1/1)
      - ### Attribute-Matched Criteria

**Service-Specific Exception Handling**: Catches service-specific exceptions (BlobStorageException, CosmosException, ServiceBusException, HttpResponseException) with status code inspection. Not just generic Exception catches.: Pass
  - Code Compiles (mvn compile / gradle compileJava) (prompt): Pass (1/1)
      - ### Attribute-Matched Criteria

**Code Compiles (mvn compile / gradle compileJava)**: The generated code compiles without errors. Attempt build verification if build tools are available.: Pass
  - Try-With-Resources for Clients (prompt): Pass (1/1)
      - ### Attribute-Matched Criteria

**Try-With-Resources for Clients**: All Azure SDK client instances that implement AutoCloseable are used within try-with-resources blocks or explicitly closed in a finally block.: Pass

Graders for key-vault-dp-java-crud / java-azure-skills/azure-skill-mcp:
- crud-secrets.prompt.md (prompt file):
  - Criteria from prompt file (prompt): Pass (5/5)
      - Maven dependency for `azure-security-keyvault-secrets` and `azure-identity`: Pass
      - Creating a `SecretClient` with `SecretClientBuilder`: Pass
      - `setSecret()`, `getSecret()`, `beginDeleteSecret()`, `purgeDeletedSecret()`: Pass
      - Using `SyncPoller` to wait for delete completion before purge: Pass
      - Exception handling for `HttpResponseException`: Pass
- java.yaml (criteria file):
  - Correct Dependencies (com.azure, not com.microsoft.azure) (prompt): Pass (1/1)
      - ### Attribute-Matched Criteria

**Correct Dependencies (com.azure, not com.microsoft.azure)**: Uses com.azure group ID for all Azure SDK packages. No com.microsoft.azure (legacy SDK) dependencies. Includes azure-identity for authentication.: Pass
  - Azure SDK BOM for Version Management (prompt): Fail (0/1)
      - ### Attribute-Matched Criteria

**Azure SDK BOM for Version Management**: Uses azure-sdk-bom in dependencyManagement to manage Azure SDK versions instead of hardcoding individual artifact versions. Dependencies should omit <version> tags when managed by the BOM.: Fail
  - Correct Imports (no legacy, no internal packages) (prompt): Pass (1/1)
      - ### Attribute-Matched Criteria

**Correct Imports (no legacy, no internal packages)**: All imports use com.azure.* packages. No com.microsoft.azure.* (legacy) or com.azure.*.implementation.* (internal API) imports.: Pass
  - DefaultAzureCredential Authentication (prompt): Pass (1/1)
      - ### Attribute-Matched Criteria

**DefaultAzureCredential Authentication**: Uses DefaultAzureCredential or another com.azure.identity credential. No hardcoded connection strings, account keys, SAS tokens, or secrets.: Pass
  - Client Builder Pattern (prompt): Pass (1/1)
      - ### Attribute-Matched Criteria

**Client Builder Pattern**: SDK clients constructed using *ClientBuilder classes with .endpoint() or .vaultUrl() and .credential(). No legacy constructors (CloudStorageAccount, DocumentClient, KeyVaultClient).: Pass
  - No Deprecated/Legacy Classes (prompt): Pass (1/1)
      - ### Attribute-Matched Criteria

**No Deprecated/Legacy Classes**: No deprecated classes from the old SDK (CloudStorageAccount, CloudBlobClient, DocumentClient, QueueClient, ApplicationTokenCredentials, MSICredentials, ConnectionStringBuilder).: Pass
  - Pagination (PagedIterable/PagedFlux) (prompt): Pass (1/1)
      - ### Attribute-Matched Criteria

**Pagination (PagedIterable/PagedFlux)**: List/query operations return PagedIterable (sync) or PagedFlux (async). Does not flatten all pages into a raw List or Stream in memory.: Pass
  - LRO Pattern (SyncPoller/PollerFlux) (prompt): Pass (1/1)
      - ### Attribute-Matched Criteria

**LRO Pattern (SyncPoller/PollerFlux)**: Long-running operations use SyncPoller (sync) or PollerFlux (async) with begin* method prefix. No Thread.sleep() polling loops.: Pass
  - Async Uses Project Reactor (Mono/Flux) (prompt): Pass (1/1)
      - ### Attribute-Matched Criteria

**Async Uses Project Reactor (Mono/Flux)**: Async code uses Project Reactor types (Mono, Flux). Not CompletableFuture (wrong), not RxJava (wrong), not sync wrapped in ExecutorService. No .block() inside async service implementations.: Pass
  - Service-Specific Exception Handling (prompt): Pass (1/1)
      - ### Attribute-Matched Criteria

**Service-Specific Exception Handling**: Catches service-specific exceptions (BlobStorageException, CosmosException, ServiceBusException, HttpResponseException) with status code inspection. Not just generic Exception catches.: Pass
  - Code Compiles (mvn compile / gradle compileJava) (prompt): Pass (1/1)
      - ### Attribute-Matched Criteria

**Code Compiles (mvn compile / gradle compileJava)**: The generated code compiles without errors. Attempt build verification if build tools are available.: Pass
  - Try-With-Resources for Clients (prompt): Pass (1/1)
      - ### Attribute-Matched Criteria

**Try-With-Resources for Clients**: All Azure SDK client instances that implement AutoCloseable are used within try-with-resources blocks or explicitly closed in a finally block.: Pass

Graders for key-vault-dp-java-crud / java-azure-skills/azure-skill-mcp-microsoft-skill:
- crud-secrets.prompt.md (prompt file):
  - Criteria from prompt file (prompt): Pass (5/5)
      - Maven dependency for `azure-security-keyvault-secrets` and `azure-identity`: Pass
      - Creating a `SecretClient` with `SecretClientBuilder`: Pass
      - `setSecret()`, `getSecret()`, `beginDeleteSecret()`, `purgeDeletedSecret()`: Pass
      - Using `SyncPoller` to wait for delete completion before purge: Pass
      - Exception handling for `HttpResponseException`: Pass
- java.yaml (criteria file):
  - Correct Dependencies (com.azure, not com.microsoft.azure) (prompt): Pass (1/1)
      - ### Attribute-Matched Criteria

**Correct Dependencies (com.azure, not com.microsoft.azure)**: Uses com.azure group ID for all Azure SDK packages. No com.microsoft.azure (legacy SDK) dependencies. Includes azure-identity for authentication.: Pass
  - Azure SDK BOM for Version Management (prompt): Fail (0/1)
      - ### Attribute-Matched Criteria

**Azure SDK BOM for Version Management**: Uses azure-sdk-bom in dependencyManagement to manage Azure SDK versions instead of hardcoding individual artifact versions. Dependencies should omit <version> tags when managed by the BOM.: Fail
  - Correct Imports (no legacy, no internal packages) (prompt): Pass (1/1)
      - ### Attribute-Matched Criteria

**Correct Imports (no legacy, no internal packages)**: All imports use com.azure.* packages. No com.microsoft.azure.* (legacy) or com.azure.*.implementation.* (internal API) imports.: Pass
  - DefaultAzureCredential Authentication (prompt): Pass (1/1)
      - ### Attribute-Matched Criteria

**DefaultAzureCredential Authentication**: Uses DefaultAzureCredential or another com.azure.identity credential. No hardcoded connection strings, account keys, SAS tokens, or secrets.: Pass
  - Client Builder Pattern (prompt): Pass (1/1)
      - ### Attribute-Matched Criteria

**Client Builder Pattern**: SDK clients constructed using *ClientBuilder classes with .endpoint() or .vaultUrl() and .credential(). No legacy constructors (CloudStorageAccount, DocumentClient, KeyVaultClient).: Pass
  - No Deprecated/Legacy Classes (prompt): Pass (1/1)
      - ### Attribute-Matched Criteria

**No Deprecated/Legacy Classes**: No deprecated classes from the old SDK (CloudStorageAccount, CloudBlobClient, DocumentClient, QueueClient, ApplicationTokenCredentials, MSICredentials, ConnectionStringBuilder).: Pass
  - Pagination (PagedIterable/PagedFlux) (prompt): Pass (1/1)
      - ### Attribute-Matched Criteria

**Pagination (PagedIterable/PagedFlux)**: List/query operations return PagedIterable (sync) or PagedFlux (async). Does not flatten all pages into a raw List or Stream in memory.: Pass
  - LRO Pattern (SyncPoller/PollerFlux) (prompt): Pass (1/1)
      - ### Attribute-Matched Criteria

**LRO Pattern (SyncPoller/PollerFlux)**: Long-running operations use SyncPoller (sync) or PollerFlux (async) with begin* method prefix. No Thread.sleep() polling loops.: Pass
  - Async Uses Project Reactor (Mono/Flux) (prompt): Pass (1/1)
      - ### Attribute-Matched Criteria

**Async Uses Project Reactor (Mono/Flux)**: Async code uses Project Reactor types (Mono, Flux). Not CompletableFuture (wrong), not RxJava (wrong), not sync wrapped in ExecutorService. No .block() inside async service implementations.: Pass
  - Service-Specific Exception Handling (prompt): Pass (1/1)
      - ### Attribute-Matched Criteria

**Service-Specific Exception Handling**: Catches service-specific exceptions (BlobStorageException, CosmosException, ServiceBusException, HttpResponseException) with status code inspection. Not just generic Exception catches.: Pass
  - Code Compiles (mvn compile / gradle compileJava) (prompt): Pass (1/1)
      - ### Attribute-Matched Criteria

**Code Compiles (mvn compile / gradle compileJava)**: The generated code compiles without errors. Attempt build verification if build tools are available.: Pass
  - Try-With-Resources for Clients (prompt): Pass (1/1)
      - ### Attribute-Matched Criteria

**Try-With-Resources for Clients**: All Azure SDK client instances that implement AutoCloseable are used within try-with-resources blocks or explicitly closed in a finally block.: Pass

Graders for key-vault-dp-java-secret-config / java-azure-skills/baseline:
- secret-config.prompt.md (prompt file):
  - Criteria from prompt file (prompt): Pass (10/10)
      - Secret versioning: retrieves specific version via `getSecret(name, version)`: Pass
      - Secret expiry: accesses `properties().getExpiresOn()` on `SecretProperties`: Pass
      - Configurable warning window for near-expiry detection: Pass
      - In-memory caching (e.g., `ConcurrentHashMap`) with bulk-load and single-key refresh: Pass
      - Secret rotation uses `beginDeleteSecret()` as a long-running operation: Pass
      - Sync uses `SyncPoller` to wait for delete completion: Pass
      - Async uses `PollerFlux` to wait for delete completion: Pass
      - Creates new secret only after delete completes (not concurrently): Pass
      - Returns a default value when secret is not found (does not crash): Pass
      - NOT using fire-and-forget `deleteSecret()` without waiting for completion: Pass
- java.yaml (criteria file):
  - Correct Dependencies (com.azure, not com.microsoft.azure) (prompt): Pass (1/1)
      - ### Attribute-Matched Criteria

**Correct Dependencies (com.azure, not com.microsoft.azure)**: Uses com.azure group ID for all Azure SDK packages. No com.microsoft.azure (legacy SDK) dependencies. Includes azure-identity for authentication.: Pass
  - Azure SDK BOM for Version Management (prompt): Fail (0/1)
      - ### Attribute-Matched Criteria

**Azure SDK BOM for Version Management**: Uses azure-sdk-bom in dependencyManagement to manage Azure SDK versions instead of hardcoding individual artifact versions. Dependencies should omit <version> tags when managed by the BOM.: Fail
  - Correct Imports (no legacy, no internal packages) (prompt): Pass (1/1)
      - ### Attribute-Matched Criteria

**Correct Imports (no legacy, no internal packages)**: All imports use com.azure.* packages. No com.microsoft.azure.* (legacy) or com.azure.*.implementation.* (internal API) imports.: Pass
  - DefaultAzureCredential Authentication (prompt): Pass (1/1)
      - ### Attribute-Matched Criteria

**DefaultAzureCredential Authentication**: Uses DefaultAzureCredential or another com.azure.identity credential. No hardcoded connection strings, account keys, SAS tokens, or secrets.: Pass
  - Client Builder Pattern (prompt): Pass (1/1)
      - ### Attribute-Matched Criteria

**Client Builder Pattern**: SDK clients constructed using *ClientBuilder classes with .endpoint() or .vaultUrl() and .credential(). No legacy constructors (CloudStorageAccount, DocumentClient, KeyVaultClient).: Pass
  - No Deprecated/Legacy Classes (prompt): Pass (1/1)
      - ### Attribute-Matched Criteria

**No Deprecated/Legacy Classes**: No deprecated classes from the old SDK (CloudStorageAccount, CloudBlobClient, DocumentClient, QueueClient, ApplicationTokenCredentials, MSICredentials, ConnectionStringBuilder).: Pass
  - Pagination (PagedIterable/PagedFlux) (prompt): Pass (1/1)
      - ### Attribute-Matched Criteria

**Pagination (PagedIterable/PagedFlux)**: List/query operations return PagedIterable (sync) or PagedFlux (async). Does not flatten all pages into a raw List or Stream in memory.: Pass
  - LRO Pattern (SyncPoller/PollerFlux) (prompt): Fail (0/1)
      - ### Attribute-Matched Criteria

**LRO Pattern (SyncPoller/PollerFlux)**: Long-running operations use SyncPoller (sync) or PollerFlux (async) with begin* method prefix. No Thread.sleep() polling loops.: Fail
  - Async Uses Project Reactor (Mono/Flux) (prompt): Pass (1/1)
      - ### Attribute-Matched Criteria

**Async Uses Project Reactor (Mono/Flux)**: Async code uses Project Reactor types (Mono, Flux). Not CompletableFuture (wrong), not RxJava (wrong), not sync wrapped in ExecutorService. No .block() inside async service implementations.: Pass
  - Service-Specific Exception Handling (prompt): Fail (0/1)
      - ### Attribute-Matched Criteria

**Service-Specific Exception Handling**: Catches service-specific exceptions (BlobStorageException, CosmosException, ServiceBusException, HttpResponseException) with status code inspection. Not just generic Exception catches.: Fail
  - Code Compiles (mvn compile / gradle compileJava) (prompt): Pass (1/1)
      - ### Attribute-Matched Criteria

**Code Compiles (mvn compile / gradle compileJava)**: The generated code compiles without errors. Attempt build verification if build tools are available.: Pass
  - Try-With-Resources for Clients (prompt): Pass (1/1)
      - ### Attribute-Matched Criteria

**Try-With-Resources for Clients**: All Azure SDK client instances that implement AutoCloseable are used within try-with-resources blocks or explicitly closed in a finally block.: Pass

Graders for key-vault-dp-java-secret-config / java-azure-skills/azure-skill-mcp:
- secret-config.prompt.md (prompt file):
  - Criteria from prompt file (prompt): Pass (10/10)
      - Secret versioning: retrieves specific version via `getSecret(name, version)`: Pass
      - Secret expiry: accesses `properties().getExpiresOn()` on `SecretProperties`: Pass
      - Configurable warning window for near-expiry detection: Pass
      - In-memory caching (e.g., `ConcurrentHashMap`) with bulk-load and single-key refresh: Pass
      - Secret rotation uses `beginDeleteSecret()` as a long-running operation: Pass
      - Sync uses `SyncPoller` to wait for delete completion: Pass
      - Async uses `PollerFlux` to wait for delete completion: Pass
      - Creates new secret only after delete completes (not concurrently): Pass
      - Returns a default value when secret is not found (does not crash): Pass
      - NOT using fire-and-forget `deleteSecret()` without waiting for completion: Pass
- java.yaml (criteria file):
  - Correct Dependencies (com.azure, not com.microsoft.azure) (prompt): Pass (1/1)
      - ### Attribute-Matched Criteria

**Correct Dependencies (com.azure, not com.microsoft.azure)**: Uses com.azure group ID for all Azure SDK packages. No com.microsoft.azure (legacy SDK) dependencies. Includes azure-identity for authentication.: Pass
  - Azure SDK BOM for Version Management (prompt): Fail (0/1)
      - ### Attribute-Matched Criteria

**Azure SDK BOM for Version Management**: Uses azure-sdk-bom in dependencyManagement to manage Azure SDK versions instead of hardcoding individual artifact versions. Dependencies should omit <version> tags when managed by the BOM.: Fail
  - Correct Imports (no legacy, no internal packages) (prompt): Pass (1/1)
      - ### Attribute-Matched Criteria

**Correct Imports (no legacy, no internal packages)**: All imports use com.azure.* packages. No com.microsoft.azure.* (legacy) or com.azure.*.implementation.* (internal API) imports.: Pass
  - DefaultAzureCredential Authentication (prompt): Pass (1/1)
      - ### Attribute-Matched Criteria

**DefaultAzureCredential Authentication**: Uses DefaultAzureCredential or another com.azure.identity credential. No hardcoded connection strings, account keys, SAS tokens, or secrets.: Pass
  - Client Builder Pattern (prompt): Pass (1/1)
      - ### Attribute-Matched Criteria

**Client Builder Pattern**: SDK clients constructed using *ClientBuilder classes with .endpoint() or .vaultUrl() and .credential(). No legacy constructors (CloudStorageAccount, DocumentClient, KeyVaultClient).: Pass
  - No Deprecated/Legacy Classes (prompt): Pass (1/1)
      - ### Attribute-Matched Criteria

**No Deprecated/Legacy Classes**: No deprecated classes from the old SDK (CloudStorageAccount, CloudBlobClient, DocumentClient, QueueClient, ApplicationTokenCredentials, MSICredentials, ConnectionStringBuilder).: Pass
  - Pagination (PagedIterable/PagedFlux) (prompt): Pass (1/1)
      - ### Attribute-Matched Criteria

**Pagination (PagedIterable/PagedFlux)**: List/query operations return PagedIterable (sync) or PagedFlux (async). Does not flatten all pages into a raw List or Stream in memory.: Pass
  - LRO Pattern (SyncPoller/PollerFlux) (prompt): Fail (0/1)
      - ### Attribute-Matched Criteria

**LRO Pattern (SyncPoller/PollerFlux)**: Long-running operations use SyncPoller (sync) or PollerFlux (async) with begin* method prefix. No Thread.sleep() polling loops.: Fail
  - Async Uses Project Reactor (Mono/Flux) (prompt): Pass (1/1)
      - ### Attribute-Matched Criteria

**Async Uses Project Reactor (Mono/Flux)**: Async code uses Project Reactor types (Mono, Flux). Not CompletableFuture (wrong), not RxJava (wrong), not sync wrapped in ExecutorService. No .block() inside async service implementations.: Pass
  - Service-Specific Exception Handling (prompt): Fail (0/1)
      - ### Attribute-Matched Criteria

**Service-Specific Exception Handling**: Catches service-specific exceptions (BlobStorageException, CosmosException, ServiceBusException, HttpResponseException) with status code inspection. Not just generic Exception catches.: Fail
  - Code Compiles (mvn compile / gradle compileJava) (prompt): Pass (1/1)
      - ### Attribute-Matched Criteria

**Code Compiles (mvn compile / gradle compileJava)**: The generated code compiles without errors. Attempt build verification if build tools are available.: Pass
  - Try-With-Resources for Clients (prompt): Pass (1/1)
      - ### Attribute-Matched Criteria

**Try-With-Resources for Clients**: All Azure SDK client instances that implement AutoCloseable are used within try-with-resources blocks or explicitly closed in a finally block.: Pass

Graders for key-vault-dp-java-secret-config / java-azure-skills/azure-skill-mcp-microsoft-skill:
- secret-config.prompt.md (prompt file):
  - Criteria from prompt file (prompt): Pass (10/10)
      - Secret versioning: retrieves specific version via `getSecret(name, version)`: Pass
      - Secret expiry: accesses `properties().getExpiresOn()` on `SecretProperties`: Pass
      - Configurable warning window for near-expiry detection: Pass
      - In-memory caching (e.g., `ConcurrentHashMap`) with bulk-load and single-key refresh: Pass
      - Secret rotation uses `beginDeleteSecret()` as a long-running operation: Pass
      - Sync uses `SyncPoller` to wait for delete completion: Pass
      - Async uses `PollerFlux` to wait for delete completion: Pass
      - Creates new secret only after delete completes (not concurrently): Pass
      - Returns a default value when secret is not found (does not crash): Pass
      - NOT using fire-and-forget `deleteSecret()` without waiting for completion: Pass
- java.yaml (criteria file):
  - Correct Dependencies (com.azure, not com.microsoft.azure) (prompt): Pass (1/1)
      - ### Attribute-Matched Criteria

**Correct Dependencies (com.azure, not com.microsoft.azure)**: Uses com.azure group ID for all Azure SDK packages. No com.microsoft.azure (legacy SDK) dependencies. Includes azure-identity for authentication.: Pass
  - Azure SDK BOM for Version Management (prompt): Pass (1/1)
      - ### Attribute-Matched Criteria

**Azure SDK BOM for Version Management**: Uses azure-sdk-bom in dependencyManagement to manage Azure SDK versions instead of hardcoding individual artifact versions. Dependencies should omit <version> tags when managed by the BOM.: Pass
  - Correct Imports (no legacy, no internal packages) (prompt): Pass (1/1)
      - ### Attribute-Matched Criteria

**Correct Imports (no legacy, no internal packages)**: All imports use com.azure.* packages. No com.microsoft.azure.* (legacy) or com.azure.*.implementation.* (internal API) imports.: Pass
  - DefaultAzureCredential Authentication (prompt): Pass (1/1)
      - ### Attribute-Matched Criteria

**DefaultAzureCredential Authentication**: Uses DefaultAzureCredential or another com.azure.identity credential. No hardcoded connection strings, account keys, SAS tokens, or secrets.: Pass
  - Client Builder Pattern (prompt): Pass (1/1)
      - ### Attribute-Matched Criteria

**Client Builder Pattern**: SDK clients constructed using *ClientBuilder classes with .endpoint() or .vaultUrl() and .credential(). No legacy constructors (CloudStorageAccount, DocumentClient, KeyVaultClient).: Pass
  - No Deprecated/Legacy Classes (prompt): Pass (1/1)
      - ### Attribute-Matched Criteria

**No Deprecated/Legacy Classes**: No deprecated classes from the old SDK (CloudStorageAccount, CloudBlobClient, DocumentClient, QueueClient, ApplicationTokenCredentials, MSICredentials, ConnectionStringBuilder).: Pass
  - Pagination (PagedIterable/PagedFlux) (prompt): Pass (1/1)
      - ### Attribute-Matched Criteria

**Pagination (PagedIterable/PagedFlux)**: List/query operations return PagedIterable (sync) or PagedFlux (async). Does not flatten all pages into a raw List or Stream in memory.: Pass
  - LRO Pattern (SyncPoller/PollerFlux) (prompt): Fail (0/1)
      - ### Attribute-Matched Criteria

**LRO Pattern (SyncPoller/PollerFlux)**: Long-running operations use SyncPoller (sync) or PollerFlux (async) with begin* method prefix. No Thread.sleep() polling loops.: Fail
  - Async Uses Project Reactor (Mono/Flux) (prompt): Pass (1/1)
      - ### Attribute-Matched Criteria

**Async Uses Project Reactor (Mono/Flux)**: Async code uses Project Reactor types (Mono, Flux). Not CompletableFuture (wrong), not RxJava (wrong), not sync wrapped in ExecutorService. No .block() inside async service implementations.: Pass
  - Service-Specific Exception Handling (prompt): Fail (0/1)
      - ### Attribute-Matched Criteria

**Service-Specific Exception Handling**: Catches service-specific exceptions (BlobStorageException, CosmosException, ServiceBusException, HttpResponseException) with status code inspection. Not just generic Exception catches.: Fail
  - Code Compiles (mvn compile / gradle compileJava) (prompt): Pass (1/1)
      - ### Attribute-Matched Criteria

**Code Compiles (mvn compile / gradle compileJava)**: The generated code compiles without errors. Attempt build verification if build tools are available.: Pass
  - Try-With-Resources for Clients (prompt): Pass (1/1)
      - ### Attribute-Matched Criteria

**Try-With-Resources for Clients**: All Azure SDK client instances that implement AutoCloseable are used within try-with-resources blocks or explicitly closed in a finally block.: Pass

Graders for resource-manager-mp-java-rg-crud / java-azure-skills/baseline:
- resource-group-crud.prompt.md (prompt file):
  - Criteria from prompt file (prompt): Pass (7/7)
      - Maven dependency for `azure-resourcemanager` and `azure-identity`: Pass
      - `AzureResourceManager.authenticate()` with credential and profile: Pass
      - `resourceGroups().define().withRegion().create()`: Pass
      - `resourceGroups().list()` iteration: Pass
      - `resourceGroups().getByName()` for details: Pass
      - Tag management via `update().withTag().apply()`: Pass
      - `resourceGroups().deleteByName()` for cleanup: Pass
- java.yaml (criteria file):
  - Correct Dependencies (com.azure, not com.microsoft.azure) (prompt): Pass (1/1)
      - ### Attribute-Matched Criteria

**Correct Dependencies (com.azure, not com.microsoft.azure)**: Uses com.azure group ID for all Azure SDK packages. No com.microsoft.azure (legacy SDK) dependencies. Includes azure-identity for authentication.: Pass
  - Azure SDK BOM for Version Management (prompt): Fail (0/1)
      - ### Attribute-Matched Criteria

**Azure SDK BOM for Version Management**: Uses azure-sdk-bom in dependencyManagement to manage Azure SDK versions instead of hardcoding individual artifact versions. Dependencies should omit <version> tags when managed by the BOM.: Fail
  - Correct Imports (no legacy, no internal packages) (prompt): Pass (1/1)
      - ### Attribute-Matched Criteria

**Correct Imports (no legacy, no internal packages)**: All imports use com.azure.* packages. No com.microsoft.azure.* (legacy) or com.azure.*.implementation.* (internal API) imports.: Pass
  - DefaultAzureCredential Authentication (prompt): Pass (1/1)
      - ### Attribute-Matched Criteria

**DefaultAzureCredential Authentication**: Uses DefaultAzureCredential or another com.azure.identity credential. No hardcoded connection strings, account keys, SAS tokens, or secrets.: Pass
  - Client Builder Pattern (prompt): Fail (0/1)
      - ### Attribute-Matched Criteria

**Client Builder Pattern**: SDK clients constructed using *ClientBuilder classes with .endpoint() or .vaultUrl() and .credential(). No legacy constructors (CloudStorageAccount, DocumentClient, KeyVaultClient).: Fail
  - No Deprecated/Legacy Classes (prompt): Pass (1/1)
      - ### Attribute-Matched Criteria

**No Deprecated/Legacy Classes**: No deprecated classes from the old SDK (CloudStorageAccount, CloudBlobClient, DocumentClient, QueueClient, ApplicationTokenCredentials, MSICredentials, ConnectionStringBuilder).: Pass
  - Pagination (PagedIterable/PagedFlux) (prompt): Pass (1/1)
      - ### Attribute-Matched Criteria

**Pagination (PagedIterable/PagedFlux)**: List/query operations return PagedIterable (sync) or PagedFlux (async). Does not flatten all pages into a raw List or Stream in memory.: Pass
  - LRO Pattern (SyncPoller/PollerFlux) (prompt): Fail (0/1)
      - ### Attribute-Matched Criteria

**LRO Pattern (SyncPoller/PollerFlux)**: Long-running operations use SyncPoller (sync) or PollerFlux (async) with begin* method prefix. No Thread.sleep() polling loops.: Fail
  - Async Uses Project Reactor (Mono/Flux) (prompt): Pass (1/1)
      - ### Attribute-Matched Criteria

**Async Uses Project Reactor (Mono/Flux)**: Async code uses Project Reactor types (Mono, Flux). Not CompletableFuture (wrong), not RxJava (wrong), not sync wrapped in ExecutorService. No .block() inside async service implementations.: Pass
  - Service-Specific Exception Handling (prompt): Fail (0/1)
      - ### Attribute-Matched Criteria

**Service-Specific Exception Handling**: Catches service-specific exceptions (BlobStorageException, CosmosException, ServiceBusException, HttpResponseException) with status code inspection. Not just generic Exception catches.: Fail
  - Code Compiles (mvn compile / gradle compileJava) (prompt): Pass (1/1)
      - ### Attribute-Matched Criteria

**Code Compiles (mvn compile / gradle compileJava)**: The generated code compiles without errors. Attempt build verification if build tools are available.: Pass
  - Try-With-Resources for Clients (prompt): Pass (1/1)
      - ### Attribute-Matched Criteria

**Try-With-Resources for Clients**: All Azure SDK client instances that implement AutoCloseable are used within try-with-resources blocks or explicitly closed in a finally block.: Pass

Graders for resource-manager-mp-java-rg-crud / java-azure-skills/azure-skill-mcp:
- resource-group-crud.prompt.md (prompt file):
  - Criteria from prompt file (prompt): Pass (7/7)
      - Maven dependency for `azure-resourcemanager` and `azure-identity`: Pass
      - `AzureResourceManager.authenticate()` with credential and profile: Pass
      - `resourceGroups().define().withRegion().create()`: Pass
      - `resourceGroups().list()` iteration: Pass
      - `resourceGroups().getByName()` for details: Pass
      - Tag management via `update().withTag().apply()`: Pass
      - `resourceGroups().deleteByName()` for cleanup: Pass
- java.yaml (criteria file):
  - Correct Dependencies (com.azure, not com.microsoft.azure) (prompt): Pass (1/1)
      - ### Attribute-Matched Criteria

**Correct Dependencies (com.azure, not com.microsoft.azure)**: Uses com.azure group ID for all Azure SDK packages. No com.microsoft.azure (legacy SDK) dependencies. Includes azure-identity for authentication.: Pass
  - Azure SDK BOM for Version Management (prompt): Pass (1/1)
      - ### Attribute-Matched Criteria

**Azure SDK BOM for Version Management**: Uses azure-sdk-bom in dependencyManagement to manage Azure SDK versions instead of hardcoding individual artifact versions. Dependencies should omit <version> tags when managed by the BOM.: Pass
  - Correct Imports (no legacy, no internal packages) (prompt): Pass (1/1)
      - ### Attribute-Matched Criteria

**Correct Imports (no legacy, no internal packages)**: All imports use com.azure.* packages. No com.microsoft.azure.* (legacy) or com.azure.*.implementation.* (internal API) imports.: Pass
  - DefaultAzureCredential Authentication (prompt): Pass (1/1)
      - ### Attribute-Matched Criteria

**DefaultAzureCredential Authentication**: Uses DefaultAzureCredential or another com.azure.identity credential. No hardcoded connection strings, account keys, SAS tokens, or secrets.: Pass
  - Client Builder Pattern (prompt): Fail (0/1)
      - ### Attribute-Matched Criteria

**Client Builder Pattern**: SDK clients constructed using *ClientBuilder classes with .endpoint() or .vaultUrl() and .credential(). No legacy constructors (CloudStorageAccount, DocumentClient, KeyVaultClient).: Fail
  - No Deprecated/Legacy Classes (prompt): Pass (1/1)
      - ### Attribute-Matched Criteria

**No Deprecated/Legacy Classes**: No deprecated classes from the old SDK (CloudStorageAccount, CloudBlobClient, DocumentClient, QueueClient, ApplicationTokenCredentials, MSICredentials, ConnectionStringBuilder).: Pass
  - Pagination (PagedIterable/PagedFlux) (prompt): Pass (1/1)
      - ### Attribute-Matched Criteria

**Pagination (PagedIterable/PagedFlux)**: List/query operations return PagedIterable (sync) or PagedFlux (async). Does not flatten all pages into a raw List or Stream in memory.: Pass
  - LRO Pattern (SyncPoller/PollerFlux) (prompt): Fail (0/1)
      - ### Attribute-Matched Criteria

**LRO Pattern (SyncPoller/PollerFlux)**: Long-running operations use SyncPoller (sync) or PollerFlux (async) with begin* method prefix. No Thread.sleep() polling loops.: Fail
  - Async Uses Project Reactor (Mono/Flux) (prompt): Pass (1/1)
      - ### Attribute-Matched Criteria

**Async Uses Project Reactor (Mono/Flux)**: Async code uses Project Reactor types (Mono, Flux). Not CompletableFuture (wrong), not RxJava (wrong), not sync wrapped in ExecutorService. No .block() inside async service implementations.: Pass
  - Service-Specific Exception Handling (prompt): Pass (1/1)
      - ### Attribute-Matched Criteria

**Service-Specific Exception Handling**: Catches service-specific exceptions (BlobStorageException, CosmosException, ServiceBusException, HttpResponseException) with status code inspection. Not just generic Exception catches.: Pass
  - Code Compiles (mvn compile / gradle compileJava) (prompt): Pass (1/1)
      - ### Attribute-Matched Criteria

**Code Compiles (mvn compile / gradle compileJava)**: The generated code compiles without errors. Attempt build verification if build tools are available.: Pass
  - Try-With-Resources for Clients (prompt): Pass (1/1)
      - ### Attribute-Matched Criteria

**Try-With-Resources for Clients**: All Azure SDK client instances that implement AutoCloseable are used within try-with-resources blocks or explicitly closed in a finally block.: Pass

Graders for resource-manager-mp-java-rg-crud / java-azure-skills/azure-skill-mcp-microsoft-skill:
- resource-group-crud.prompt.md (prompt file):
  - Criteria from prompt file (prompt): Pass (7/7)
      - Maven dependency for `azure-resourcemanager` and `azure-identity`: Pass
      - `AzureResourceManager.authenticate()` with credential and profile: Pass
      - `resourceGroups().define().withRegion().create()`: Pass
      - `resourceGroups().list()` iteration: Pass
      - `resourceGroups().getByName()` for details: Pass
      - Tag management via `update().withTag().apply()`: Pass
      - `resourceGroups().deleteByName()` for cleanup: Pass
- java.yaml (criteria file):
  - Correct Dependencies (com.azure, not com.microsoft.azure) (prompt): Pass (1/1)
      - ### Attribute-Matched Criteria

**Correct Dependencies (com.azure, not com.microsoft.azure)**: Uses com.azure group ID for all Azure SDK packages. No com.microsoft.azure (legacy SDK) dependencies. Includes azure-identity for authentication.: Pass
  - Azure SDK BOM for Version Management (prompt): Fail (0/1)
      - ### Attribute-Matched Criteria

**Azure SDK BOM for Version Management**: Uses azure-sdk-bom in dependencyManagement to manage Azure SDK versions instead of hardcoding individual artifact versions. Dependencies should omit <version> tags when managed by the BOM.: Fail
  - Correct Imports (no legacy, no internal packages) (prompt): Pass (1/1)
      - ### Attribute-Matched Criteria

**Correct Imports (no legacy, no internal packages)**: All imports use com.azure.* packages. No com.microsoft.azure.* (legacy) or com.azure.*.implementation.* (internal API) imports.: Pass
  - DefaultAzureCredential Authentication (prompt): Pass (1/1)
      - ### Attribute-Matched Criteria

**DefaultAzureCredential Authentication**: Uses DefaultAzureCredential or another com.azure.identity credential. No hardcoded connection strings, account keys, SAS tokens, or secrets.: Pass
  - Client Builder Pattern (prompt): Fail (0/1)
      - ### Attribute-Matched Criteria

**Client Builder Pattern**: SDK clients constructed using *ClientBuilder classes with .endpoint() or .vaultUrl() and .credential(). No legacy constructors (CloudStorageAccount, DocumentClient, KeyVaultClient).: Fail
  - No Deprecated/Legacy Classes (prompt): Pass (1/1)
      - ### Attribute-Matched Criteria

**No Deprecated/Legacy Classes**: No deprecated classes from the old SDK (CloudStorageAccount, CloudBlobClient, DocumentClient, QueueClient, ApplicationTokenCredentials, MSICredentials, ConnectionStringBuilder).: Pass
  - Pagination (PagedIterable/PagedFlux) (prompt): Pass (1/1)
      - ### Attribute-Matched Criteria

**Pagination (PagedIterable/PagedFlux)**: List/query operations return PagedIterable (sync) or PagedFlux (async). Does not flatten all pages into a raw List or Stream in memory.: Pass
  - LRO Pattern (SyncPoller/PollerFlux) (prompt): Fail (0/1)
      - ### Attribute-Matched Criteria

**LRO Pattern (SyncPoller/PollerFlux)**: Long-running operations use SyncPoller (sync) or PollerFlux (async) with begin* method prefix. No Thread.sleep() polling loops.: Fail
  - Async Uses Project Reactor (Mono/Flux) (prompt): Pass (1/1)
      - ### Attribute-Matched Criteria

**Async Uses Project Reactor (Mono/Flux)**: Async code uses Project Reactor types (Mono, Flux). Not CompletableFuture (wrong), not RxJava (wrong), not sync wrapped in ExecutorService. No .block() inside async service implementations.: Pass
  - Service-Specific Exception Handling (prompt): Pass (1/1)
      - ### Attribute-Matched Criteria

**Service-Specific Exception Handling**: Catches service-specific exceptions (BlobStorageException, CosmosException, ServiceBusException, HttpResponseException) with status code inspection. Not just generic Exception catches.: Pass
  - Code Compiles (mvn compile / gradle compileJava) (prompt): Pass (1/1)
      - ### Attribute-Matched Criteria

**Code Compiles (mvn compile / gradle compileJava)**: The generated code compiles without errors. Attempt build verification if build tools are available.: Pass
  - Try-With-Resources for Clients (prompt): Pass (1/1)
      - ### Attribute-Matched Criteria

**Try-With-Resources for Clients**: All Azure SDK client instances that implement AutoCloseable are used within try-with-resources blocks or explicitly closed in a finally block.: Pass

Graders for service-bus-dp-java-order-processor / java-azure-skills/baseline:
- order-processor.prompt.md (prompt file):
  - Criteria from prompt file (prompt): Fail (10/12)
      - Sender uses `.sender().queueName().buildClient()` chain (or async equivalent): Pass
      - Processor uses `.processor().queueName().processMessage().processError()` chain: Fail
      - Batch sending: creates `ServiceBusMessageBatch`, checks `tryAddMessage()` return value: Pass
      - Handles the case where a message doesn't fit in the current batch: Pass
      - Scheduled delivery: uses `scheduleMessage()` or `setScheduledEnqueueTime()` (~30s delay): Pass
      - Correlation: sets order ID as correlation property via `setCorrelationId()` or application properties: Pass
      - Dead-letter: explicitly dead-letters failed messages with `deadLetter()` and a reason string: Pass
      - Dead-letter queue reading: uses `SubQueue.DEAD_LETTER_QUEUE` or `$deadletterqueue` path: Pass
      - Session-aware processing: uses `.sessionProcessor()` or session-enabled receiver: Pass
      - Session ID keyed by customer name for ordered processing: Pass
      - Error handler in processor logs entity path and error source: Fail
      - Distinguishes transient vs non-transient errors via `isTransient()` or `getReason()`: Pass
- java.yaml (criteria file):
  - Correct Dependencies (com.azure, not com.microsoft.azure) (prompt): Pass (1/1)
      - ### Attribute-Matched Criteria

**Correct Dependencies (com.azure, not com.microsoft.azure)**: Uses com.azure group ID for all Azure SDK packages. No com.microsoft.azure (legacy SDK) dependencies. Includes azure-identity for authentication.: Pass
  - Azure SDK BOM for Version Management (prompt): Fail (0/1)
      - ### Attribute-Matched Criteria

**Azure SDK BOM for Version Management**: Uses azure-sdk-bom in dependencyManagement to manage Azure SDK versions instead of hardcoding individual artifact versions. Dependencies should omit <version> tags when managed by the BOM.: Fail
  - Correct Imports (no legacy, no internal packages) (prompt): Pass (1/1)
      - ### Attribute-Matched Criteria

**Correct Imports (no legacy, no internal packages)**: All imports use com.azure.* packages. No com.microsoft.azure.* (legacy) or com.azure.*.implementation.* (internal API) imports.: Pass
  - DefaultAzureCredential Authentication (prompt): Pass (1/1)
      - ### Attribute-Matched Criteria

**DefaultAzureCredential Authentication**: Uses DefaultAzureCredential or another com.azure.identity credential. No hardcoded connection strings, account keys, SAS tokens, or secrets.: Pass
  - Client Builder Pattern (prompt): Pass (1/1)
      - ### Attribute-Matched Criteria

**Client Builder Pattern**: SDK clients constructed using *ClientBuilder classes with .endpoint() or .vaultUrl() and .credential(). No legacy constructors (CloudStorageAccount, DocumentClient, KeyVaultClient).: Pass
  - No Deprecated/Legacy Classes (prompt): Pass (1/1)
      - ### Attribute-Matched Criteria

**No Deprecated/Legacy Classes**: No deprecated classes from the old SDK (CloudStorageAccount, CloudBlobClient, DocumentClient, QueueClient, ApplicationTokenCredentials, MSICredentials, ConnectionStringBuilder).: Pass
  - Pagination (PagedIterable/PagedFlux) (prompt): Pass (1/1)
      - ### Attribute-Matched Criteria

**Pagination (PagedIterable/PagedFlux)**: List/query operations return PagedIterable (sync) or PagedFlux (async). Does not flatten all pages into a raw List or Stream in memory.: Pass
  - LRO Pattern (SyncPoller/PollerFlux) (prompt): Pass (1/1)
      - ### Attribute-Matched Criteria

**LRO Pattern (SyncPoller/PollerFlux)**: Long-running operations use SyncPoller (sync) or PollerFlux (async) with begin* method prefix. No Thread.sleep() polling loops.: Pass
  - Async Uses Project Reactor (Mono/Flux) (prompt): Fail (0/1)
      - ### Attribute-Matched Criteria

**Async Uses Project Reactor (Mono/Flux)**: Async code uses Project Reactor types (Mono, Flux). Not CompletableFuture (wrong), not RxJava (wrong), not sync wrapped in ExecutorService. No .block() inside async service implementations.: Fail
  - Service-Specific Exception Handling (prompt): Pass (1/1)
      - ### Attribute-Matched Criteria

**Service-Specific Exception Handling**: Catches service-specific exceptions (BlobStorageException, CosmosException, ServiceBusException, HttpResponseException) with status code inspection. Not just generic Exception catches.: Pass
  - Code Compiles (mvn compile / gradle compileJava) (prompt): Pass (1/1)
      - ### Attribute-Matched Criteria

**Code Compiles (mvn compile / gradle compileJava)**: The generated code compiles without errors. Attempt build verification if build tools are available.: Pass
  - Try-With-Resources for Clients (prompt): Pass (1/1)
      - ### Attribute-Matched Criteria

**Try-With-Resources for Clients**: All Azure SDK client instances that implement AutoCloseable are used within try-with-resources blocks or explicitly closed in a finally block.: Pass

Graders for service-bus-dp-java-order-processor / java-azure-skills/azure-skill-mcp:
- order-processor.prompt.md (prompt file):
  - Criteria from prompt file (prompt): Fail (9/12)
      - Sender uses `.sender().queueName().buildClient()` chain (or async equivalent): Pass
      - Processor uses `.processor().queueName().processMessage().processError()` chain: Fail
      - Batch sending: creates `ServiceBusMessageBatch`, checks `tryAddMessage()` return value: Pass
      - Handles the case where a message doesn't fit in the current batch: Pass
      - Scheduled delivery: uses `scheduleMessage()` or `setScheduledEnqueueTime()` (~30s delay): Pass
      - Correlation: sets order ID as correlation property via `setCorrelationId()` or application properties: Pass
      - Dead-letter: explicitly dead-letters failed messages with `deadLetter()` and a reason string: Pass
      - Dead-letter queue reading: uses `SubQueue.DEAD_LETTER_QUEUE` or `$deadletterqueue` path: Pass
      - Session-aware processing: uses `.sessionProcessor()` or session-enabled receiver: Pass
      - Session ID keyed by customer name for ordered processing: Pass
      - Error handler in processor logs entity path and error source: Fail
      - Distinguishes transient vs non-transient errors via `isTransient()` or `getReason()`: Fail
- java.yaml (criteria file):
  - Correct Dependencies (com.azure, not com.microsoft.azure) (prompt): Pass (1/1)
      - ### Attribute-Matched Criteria

**Correct Dependencies (com.azure, not com.microsoft.azure)**: Uses com.azure group ID for all Azure SDK packages. No com.microsoft.azure (legacy SDK) dependencies. Includes azure-identity for authentication.: Pass
  - Azure SDK BOM for Version Management (prompt): Fail (0/1)
      - ### Attribute-Matched Criteria

**Azure SDK BOM for Version Management**: Uses azure-sdk-bom in dependencyManagement to manage Azure SDK versions instead of hardcoding individual artifact versions. Dependencies should omit <version> tags when managed by the BOM.: Fail
  - Correct Imports (no legacy, no internal packages) (prompt): Pass (1/1)
      - ### Attribute-Matched Criteria

**Correct Imports (no legacy, no internal packages)**: All imports use com.azure.* packages. No com.microsoft.azure.* (legacy) or com.azure.*.implementation.* (internal API) imports.: Pass
  - DefaultAzureCredential Authentication (prompt): Pass (1/1)
      - ### Attribute-Matched Criteria

**DefaultAzureCredential Authentication**: Uses DefaultAzureCredential or another com.azure.identity credential. No hardcoded connection strings, account keys, SAS tokens, or secrets.: Pass
  - Client Builder Pattern (prompt): Pass (1/1)
      - ### Attribute-Matched Criteria

**Client Builder Pattern**: SDK clients constructed using *ClientBuilder classes with .endpoint() or .vaultUrl() and .credential(). No legacy constructors (CloudStorageAccount, DocumentClient, KeyVaultClient).: Pass
  - No Deprecated/Legacy Classes (prompt): Pass (1/1)
      - ### Attribute-Matched Criteria

**No Deprecated/Legacy Classes**: No deprecated classes from the old SDK (CloudStorageAccount, CloudBlobClient, DocumentClient, QueueClient, ApplicationTokenCredentials, MSICredentials, ConnectionStringBuilder).: Pass
  - Pagination (PagedIterable/PagedFlux) (prompt): Pass (1/1)
      - ### Attribute-Matched Criteria

**Pagination (PagedIterable/PagedFlux)**: List/query operations return PagedIterable (sync) or PagedFlux (async). Does not flatten all pages into a raw List or Stream in memory.: Pass
  - LRO Pattern (SyncPoller/PollerFlux) (prompt): Pass (1/1)
      - ### Attribute-Matched Criteria

**LRO Pattern (SyncPoller/PollerFlux)**: Long-running operations use SyncPoller (sync) or PollerFlux (async) with begin* method prefix. No Thread.sleep() polling loops.: Pass
  - Async Uses Project Reactor (Mono/Flux) (prompt): Pass (1/1)
      - ### Attribute-Matched Criteria

**Async Uses Project Reactor (Mono/Flux)**: Async code uses Project Reactor types (Mono, Flux). Not CompletableFuture (wrong), not RxJava (wrong), not sync wrapped in ExecutorService. No .block() inside async service implementations.: Pass
  - Service-Specific Exception Handling (prompt): Fail (0/1)
      - ### Attribute-Matched Criteria

**Service-Specific Exception Handling**: Catches service-specific exceptions (BlobStorageException, CosmosException, ServiceBusException, HttpResponseException) with status code inspection. Not just generic Exception catches.: Fail
  - Code Compiles (mvn compile / gradle compileJava) (prompt): Pass (1/1)
      - ### Attribute-Matched Criteria

**Code Compiles (mvn compile / gradle compileJava)**: The generated code compiles without errors. Attempt build verification if build tools are available.: Pass
  - Try-With-Resources for Clients (prompt): Pass (1/1)
      - ### Attribute-Matched Criteria

**Try-With-Resources for Clients**: All Azure SDK client instances that implement AutoCloseable are used within try-with-resources blocks or explicitly closed in a finally block.: Pass

Graders for service-bus-dp-java-order-processor / java-azure-skills/azure-skill-mcp-microsoft-skill:
- order-processor.prompt.md (prompt file):
  - Criteria from prompt file (prompt): Fail (9/12)
      - Sender uses `.sender().queueName().buildClient()` chain (or async equivalent): Pass
      - Processor uses `.processor().queueName().processMessage().processError()` chain: Fail
      - Batch sending: creates `ServiceBusMessageBatch`, checks `tryAddMessage()` return value: Pass
      - Handles the case where a message doesn't fit in the current batch: Pass
      - Scheduled delivery: uses `scheduleMessage()` or `setScheduledEnqueueTime()` (~30s delay): Pass
      - Correlation: sets order ID as correlation property via `setCorrelationId()` or application properties: Pass
      - Dead-letter: explicitly dead-letters failed messages with `deadLetter()` and a reason string: Pass
      - Dead-letter queue reading: uses `SubQueue.DEAD_LETTER_QUEUE` or `$deadletterqueue` path: Pass
      - Session-aware processing: uses `.sessionProcessor()` or session-enabled receiver: Pass
      - Session ID keyed by customer name for ordered processing: Pass
      - Error handler in processor logs entity path and error source: Fail
      - Distinguishes transient vs non-transient errors via `isTransient()` or `getReason()`: Fail
- java.yaml (criteria file):
  - Correct Dependencies (com.azure, not com.microsoft.azure) (prompt): Pass (1/1)
      - ### Attribute-Matched Criteria

**Correct Dependencies (com.azure, not com.microsoft.azure)**: Uses com.azure group ID for all Azure SDK packages. No com.microsoft.azure (legacy SDK) dependencies. Includes azure-identity for authentication.: Pass
  - Azure SDK BOM for Version Management (prompt): Fail (0/1)
      - ### Attribute-Matched Criteria

**Azure SDK BOM for Version Management**: Uses azure-sdk-bom in dependencyManagement to manage Azure SDK versions instead of hardcoding individual artifact versions. Dependencies should omit <version> tags when managed by the BOM.: Fail
  - Correct Imports (no legacy, no internal packages) (prompt): Pass (1/1)
      - ### Attribute-Matched Criteria

**Correct Imports (no legacy, no internal packages)**: All imports use com.azure.* packages. No com.microsoft.azure.* (legacy) or com.azure.*.implementation.* (internal API) imports.: Pass
  - DefaultAzureCredential Authentication (prompt): Pass (1/1)
      - ### Attribute-Matched Criteria

**DefaultAzureCredential Authentication**: Uses DefaultAzureCredential or another com.azure.identity credential. No hardcoded connection strings, account keys, SAS tokens, or secrets.: Pass
  - Client Builder Pattern (prompt): Pass (1/1)
      - ### Attribute-Matched Criteria

**Client Builder Pattern**: SDK clients constructed using *ClientBuilder classes with .endpoint() or .vaultUrl() and .credential(). No legacy constructors (CloudStorageAccount, DocumentClient, KeyVaultClient).: Pass
  - No Deprecated/Legacy Classes (prompt): Pass (1/1)
      - ### Attribute-Matched Criteria

**No Deprecated/Legacy Classes**: No deprecated classes from the old SDK (CloudStorageAccount, CloudBlobClient, DocumentClient, QueueClient, ApplicationTokenCredentials, MSICredentials, ConnectionStringBuilder).: Pass
  - Pagination (PagedIterable/PagedFlux) (prompt): Pass (1/1)
      - ### Attribute-Matched Criteria

**Pagination (PagedIterable/PagedFlux)**: List/query operations return PagedIterable (sync) or PagedFlux (async). Does not flatten all pages into a raw List or Stream in memory.: Pass
  - LRO Pattern (SyncPoller/PollerFlux) (prompt): Pass (1/1)
      - ### Attribute-Matched Criteria

**LRO Pattern (SyncPoller/PollerFlux)**: Long-running operations use SyncPoller (sync) or PollerFlux (async) with begin* method prefix. No Thread.sleep() polling loops.: Pass
  - Async Uses Project Reactor (Mono/Flux) (prompt): Pass (1/1)
      - ### Attribute-Matched Criteria

**Async Uses Project Reactor (Mono/Flux)**: Async code uses Project Reactor types (Mono, Flux). Not CompletableFuture (wrong), not RxJava (wrong), not sync wrapped in ExecutorService. No .block() inside async service implementations.: Pass
  - Service-Specific Exception Handling (prompt): Fail (0/1)
      - ### Attribute-Matched Criteria

**Service-Specific Exception Handling**: Catches service-specific exceptions (BlobStorageException, CosmosException, ServiceBusException, HttpResponseException) with status code inspection. Not just generic Exception catches.: Fail
  - Code Compiles (mvn compile / gradle compileJava) (prompt): Fail (0/1)
      - ### Attribute-Matched Criteria

**Code Compiles (mvn compile / gradle compileJava)**: The generated code compiles without errors. Attempt build verification if build tools are available.: Fail
  - Try-With-Resources for Clients (prompt): Pass (1/1)
      - ### Attribute-Matched Criteria

**Try-With-Resources for Clients**: All Azure SDK client instances that implement AutoCloseable are used within try-with-resources blocks or explicitly closed in a finally block.: Pass

Graders for service-bus-dp-java-crud / java-azure-skills/baseline:
- send-receive-messages.prompt.md (prompt file):
  - Criteria from prompt file (prompt): Pass (7/7)
      - `azure-messaging-servicebus` Maven dependency: Pass
      - `ServiceBusClientBuilder` with connection string: Pass
      - `ServiceBusSenderClient` and `ServiceBusMessage`: Pass
      - `createMessageBatch()` and `tryAddMessage()`: Pass
      - `ServiceBusReceiverClient.receiveMessages()` and `complete()`: Pass
      - `ServiceBusProcessorClient` with `processMessage` and `processError` handlers: Pass
      - Topic operations with `.topicName()` and `.subscriptionName()` on the builder: Pass
- java.yaml (criteria file):
  - Correct Dependencies (com.azure, not com.microsoft.azure) (prompt): Fail (0/1)
      - ### Attribute-Matched Criteria

**Correct Dependencies (com.azure, not com.microsoft.azure)**: Uses com.azure group ID for all Azure SDK packages. No com.microsoft.azure (legacy SDK) dependencies. Includes azure-identity for authentication.: Fail
  - Azure SDK BOM for Version Management (prompt): Fail (0/1)
      - ### Attribute-Matched Criteria

**Azure SDK BOM for Version Management**: Uses azure-sdk-bom in dependencyManagement to manage Azure SDK versions instead of hardcoding individual artifact versions. Dependencies should omit <version> tags when managed by the BOM.: Fail
  - Correct Imports (no legacy, no internal packages) (prompt): Pass (1/1)
      - ### Attribute-Matched Criteria

**Correct Imports (no legacy, no internal packages)**: All imports use com.azure.* packages. No com.microsoft.azure.* (legacy) or com.azure.*.implementation.* (internal API) imports.: Pass
  - DefaultAzureCredential Authentication (prompt): Fail (0/1)
      - ### Attribute-Matched Criteria

**DefaultAzureCredential Authentication**: Uses DefaultAzureCredential or another com.azure.identity credential. No hardcoded connection strings, account keys, SAS tokens, or secrets.: Fail
  - Client Builder Pattern (prompt): Fail (0/1)
      - ### Attribute-Matched Criteria

**Client Builder Pattern**: SDK clients constructed using *ClientBuilder classes with .endpoint() or .vaultUrl() and .credential(). No legacy constructors (CloudStorageAccount, DocumentClient, KeyVaultClient).: Fail
  - No Deprecated/Legacy Classes (prompt): Pass (1/1)
      - ### Attribute-Matched Criteria

**No Deprecated/Legacy Classes**: No deprecated classes from the old SDK (CloudStorageAccount, CloudBlobClient, DocumentClient, QueueClient, ApplicationTokenCredentials, MSICredentials, ConnectionStringBuilder).: Pass
  - Pagination (PagedIterable/PagedFlux) (prompt): Pass (1/1)
      - ### Attribute-Matched Criteria

**Pagination (PagedIterable/PagedFlux)**: List/query operations return PagedIterable (sync) or PagedFlux (async). Does not flatten all pages into a raw List or Stream in memory.: Pass
  - LRO Pattern (SyncPoller/PollerFlux) (prompt): Pass (1/1)
      - ### Attribute-Matched Criteria

**LRO Pattern (SyncPoller/PollerFlux)**: Long-running operations use SyncPoller (sync) or PollerFlux (async) with begin* method prefix. No Thread.sleep() polling loops.: Pass
  - Async Uses Project Reactor (Mono/Flux) (prompt): Pass (1/1)
      - ### Attribute-Matched Criteria

**Async Uses Project Reactor (Mono/Flux)**: Async code uses Project Reactor types (Mono, Flux). Not CompletableFuture (wrong), not RxJava (wrong), not sync wrapped in ExecutorService. No .block() inside async service implementations.: Pass
  - Service-Specific Exception Handling (prompt): Fail (0/1)
      - ### Attribute-Matched Criteria

**Service-Specific Exception Handling**: Catches service-specific exceptions (BlobStorageException, CosmosException, ServiceBusException, HttpResponseException) with status code inspection. Not just generic Exception catches.: Fail
  - Code Compiles (mvn compile / gradle compileJava) (prompt): Pass (1/1)
      - ### Attribute-Matched Criteria

**Code Compiles (mvn compile / gradle compileJava)**: The generated code compiles without errors. Attempt build verification if build tools are available.: Pass
  - Try-With-Resources for Clients (prompt): Pass (1/1)
      - ### Attribute-Matched Criteria

**Try-With-Resources for Clients**: All Azure SDK client instances that implement AutoCloseable are used within try-with-resources blocks or explicitly closed in a finally block.: Pass

Graders for service-bus-dp-java-crud / java-azure-skills/azure-skill-mcp:
- send-receive-messages.prompt.md (prompt file):
  - Criteria from prompt file (prompt): Fail (6/7)
      - `azure-messaging-servicebus` Maven dependency: Pass
      - `ServiceBusClientBuilder` with connection string: Fail
      - `ServiceBusSenderClient` and `ServiceBusMessage`: Pass
      - `createMessageBatch()` and `tryAddMessage()`: Pass
      - `ServiceBusReceiverClient.receiveMessages()` and `complete()`: Pass
      - `ServiceBusProcessorClient` with `processMessage` and `processError` handlers: Pass
      - Topic operations with `.topicName()` and `.subscriptionName()` on the builder: Pass
- java.yaml (criteria file):
  - Correct Dependencies (com.azure, not com.microsoft.azure) (prompt): Pass (1/1)
      - ### Attribute-Matched Criteria

**Correct Dependencies (com.azure, not com.microsoft.azure)**: Uses com.azure group ID for all Azure SDK packages. No com.microsoft.azure (legacy SDK) dependencies. Includes azure-identity for authentication.: Pass
  - Azure SDK BOM for Version Management (prompt): Fail (0/1)
      - ### Attribute-Matched Criteria

**Azure SDK BOM for Version Management**: Uses azure-sdk-bom in dependencyManagement to manage Azure SDK versions instead of hardcoding individual artifact versions. Dependencies should omit <version> tags when managed by the BOM.: Fail
  - Correct Imports (no legacy, no internal packages) (prompt): Pass (1/1)
      - ### Attribute-Matched Criteria

**Correct Imports (no legacy, no internal packages)**: All imports use com.azure.* packages. No com.microsoft.azure.* (legacy) or com.azure.*.implementation.* (internal API) imports.: Pass
  - DefaultAzureCredential Authentication (prompt): Pass (1/1)
      - ### Attribute-Matched Criteria

**DefaultAzureCredential Authentication**: Uses DefaultAzureCredential or another com.azure.identity credential. No hardcoded connection strings, account keys, SAS tokens, or secrets.: Pass
  - Client Builder Pattern (prompt): Pass (1/1)
      - ### Attribute-Matched Criteria

**Client Builder Pattern**: SDK clients constructed using *ClientBuilder classes with .endpoint() or .vaultUrl() and .credential(). No legacy constructors (CloudStorageAccount, DocumentClient, KeyVaultClient).: Pass
  - No Deprecated/Legacy Classes (prompt): Pass (1/1)
      - ### Attribute-Matched Criteria

**No Deprecated/Legacy Classes**: No deprecated classes from the old SDK (CloudStorageAccount, CloudBlobClient, DocumentClient, QueueClient, ApplicationTokenCredentials, MSICredentials, ConnectionStringBuilder).: Pass
  - Pagination (PagedIterable/PagedFlux) (prompt): Pass (1/1)
      - ### Attribute-Matched Criteria

**Pagination (PagedIterable/PagedFlux)**: List/query operations return PagedIterable (sync) or PagedFlux (async). Does not flatten all pages into a raw List or Stream in memory.: Pass
  - LRO Pattern (SyncPoller/PollerFlux) (prompt): Pass (1/1)
      - ### Attribute-Matched Criteria

**LRO Pattern (SyncPoller/PollerFlux)**: Long-running operations use SyncPoller (sync) or PollerFlux (async) with begin* method prefix. No Thread.sleep() polling loops.: Pass
  - Async Uses Project Reactor (Mono/Flux) (prompt): Pass (1/1)
      - ### Attribute-Matched Criteria

**Async Uses Project Reactor (Mono/Flux)**: Async code uses Project Reactor types (Mono, Flux). Not CompletableFuture (wrong), not RxJava (wrong), not sync wrapped in ExecutorService. No .block() inside async service implementations.: Pass
  - Service-Specific Exception Handling (prompt): Fail (0/1)
      - ### Attribute-Matched Criteria

**Service-Specific Exception Handling**: Catches service-specific exceptions (BlobStorageException, CosmosException, ServiceBusException, HttpResponseException) with status code inspection. Not just generic Exception catches.: Fail
  - Code Compiles (mvn compile / gradle compileJava) (prompt): Pass (1/1)
      - ### Attribute-Matched Criteria

**Code Compiles (mvn compile / gradle compileJava)**: The generated code compiles without errors. Attempt build verification if build tools are available.: Pass
  - Try-With-Resources for Clients (prompt): Pass (1/1)
      - ### Attribute-Matched Criteria

**Try-With-Resources for Clients**: All Azure SDK client instances that implement AutoCloseable are used within try-with-resources blocks or explicitly closed in a finally block.: Pass

Graders for service-bus-dp-java-crud / java-azure-skills/azure-skill-mcp-microsoft-skill:
- send-receive-messages.prompt.md (prompt file):
  - Criteria from prompt file (prompt): Fail (6/7)
      - `azure-messaging-servicebus` Maven dependency: Pass
      - `ServiceBusClientBuilder` with connection string: Fail
      - `ServiceBusSenderClient` and `ServiceBusMessage`: Pass
      - `createMessageBatch()` and `tryAddMessage()`: Pass
      - `ServiceBusReceiverClient.receiveMessages()` and `complete()`: Pass
      - `ServiceBusProcessorClient` with `processMessage` and `processError` handlers: Pass
      - Topic operations with `.topicName()` and `.subscriptionName()` on the builder: Pass
- java.yaml (criteria file):
  - Correct Dependencies (com.azure, not com.microsoft.azure) (prompt): Pass (1/1)
      - ### Attribute-Matched Criteria

**Correct Dependencies (com.azure, not com.microsoft.azure)**: Uses com.azure group ID for all Azure SDK packages. No com.microsoft.azure (legacy SDK) dependencies. Includes azure-identity for authentication.: Pass
  - Azure SDK BOM for Version Management (prompt): Fail (0/1)
      - ### Attribute-Matched Criteria

**Azure SDK BOM for Version Management**: Uses azure-sdk-bom in dependencyManagement to manage Azure SDK versions instead of hardcoding individual artifact versions. Dependencies should omit <version> tags when managed by the BOM.: Fail
  - Correct Imports (no legacy, no internal packages) (prompt): Pass (1/1)
      - ### Attribute-Matched Criteria

**Correct Imports (no legacy, no internal packages)**: All imports use com.azure.* packages. No com.microsoft.azure.* (legacy) or com.azure.*.implementation.* (internal API) imports.: Pass
  - DefaultAzureCredential Authentication (prompt): Pass (1/1)
      - ### Attribute-Matched Criteria

**DefaultAzureCredential Authentication**: Uses DefaultAzureCredential or another com.azure.identity credential. No hardcoded connection strings, account keys, SAS tokens, or secrets.: Pass
  - Client Builder Pattern (prompt): Pass (1/1)
      - ### Attribute-Matched Criteria

**Client Builder Pattern**: SDK clients constructed using *ClientBuilder classes with .endpoint() or .vaultUrl() and .credential(). No legacy constructors (CloudStorageAccount, DocumentClient, KeyVaultClient).: Pass
  - No Deprecated/Legacy Classes (prompt): Pass (1/1)
      - ### Attribute-Matched Criteria

**No Deprecated/Legacy Classes**: No deprecated classes from the old SDK (CloudStorageAccount, CloudBlobClient, DocumentClient, QueueClient, ApplicationTokenCredentials, MSICredentials, ConnectionStringBuilder).: Pass
  - Pagination (PagedIterable/PagedFlux) (prompt): Pass (1/1)
      - ### Attribute-Matched Criteria

**Pagination (PagedIterable/PagedFlux)**: List/query operations return PagedIterable (sync) or PagedFlux (async). Does not flatten all pages into a raw List or Stream in memory.: Pass
  - LRO Pattern (SyncPoller/PollerFlux) (prompt): Pass (1/1)
      - ### Attribute-Matched Criteria

**LRO Pattern (SyncPoller/PollerFlux)**: Long-running operations use SyncPoller (sync) or PollerFlux (async) with begin* method prefix. No Thread.sleep() polling loops.: Pass
  - Async Uses Project Reactor (Mono/Flux) (prompt): Pass (1/1)
      - ### Attribute-Matched Criteria

**Async Uses Project Reactor (Mono/Flux)**: Async code uses Project Reactor types (Mono, Flux). Not CompletableFuture (wrong), not RxJava (wrong), not sync wrapped in ExecutorService. No .block() inside async service implementations.: Pass
  - Service-Specific Exception Handling (prompt): Fail (0/1)
      - ### Attribute-Matched Criteria

**Service-Specific Exception Handling**: Catches service-specific exceptions (BlobStorageException, CosmosException, ServiceBusException, HttpResponseException) with status code inspection. Not just generic Exception catches.: Fail
  - Code Compiles (mvn compile / gradle compileJava) (prompt): Pass (1/1)
      - ### Attribute-Matched Criteria

**Code Compiles (mvn compile / gradle compileJava)**: The generated code compiles without errors. Attempt build verification if build tools are available.: Pass
  - Try-With-Resources for Clients (prompt): Pass (1/1)
      - ### Attribute-Matched Criteria

**Try-With-Resources for Clients**: All Azure SDK client instances that implement AutoCloseable are used within try-with-resources blocks or explicitly closed in a finally block.: Pass

Graders for storage-dp-java-blob-event-notifier / java-azure-skills/baseline:
- blob-event-notifier.prompt.md (prompt file):
  - Criteria from prompt file (prompt): Fail (6/10)
      - Handles Event Grid native schema via `EventGridEvent.fromString()` deserialization: Fail
      - Handles CloudEvents 1.0 schema via `CloudEvent.fromString()` deserialization: Fail
      - Does NOT manually parse JSON without the SDK's deserialization helpers: Fail
      - Routes events based on event type string (`Microsoft.Storage.BlobCreated`, `Microsoft.Storage.BlobDeleted`): Pass
      - Logs a warning for unrecognized event types: Pass
      - Parses container name and blob name from event subject (`/blobServices/default/containers/{container}/blobs/{blob}`): Pass
      - Publishes custom events with subject hierarchy for filtering: Pass
      - Retrieves and prints blob access tier from blob properties: Pass
      - Handles race condition: blob may no longer exist (catches `BlobStorageException` with 404 status): Pass
      - Catches Event Grid-specific exceptions for publishing errors: Fail
- java.yaml (criteria file):
  - Correct Dependencies (com.azure, not com.microsoft.azure) (prompt): Pass (1/1)
      - ### Attribute-Matched Criteria

**Correct Dependencies (com.azure, not com.microsoft.azure)**: Uses com.azure group ID for all Azure SDK packages. No com.microsoft.azure (legacy SDK) dependencies. Includes azure-identity for authentication.: Pass
  - Azure SDK BOM for Version Management (prompt): Pass (1/1)
      - ### Attribute-Matched Criteria

**Azure SDK BOM for Version Management**: Uses azure-sdk-bom in dependencyManagement to manage Azure SDK versions instead of hardcoding individual artifact versions. Dependencies should omit <version> tags when managed by the BOM.: Pass
  - Correct Imports (no legacy, no internal packages) (prompt): Pass (1/1)
      - ### Attribute-Matched Criteria

**Correct Imports (no legacy, no internal packages)**: All imports use com.azure.* packages. No com.microsoft.azure.* (legacy) or com.azure.*.implementation.* (internal API) imports.: Pass
  - DefaultAzureCredential Authentication (prompt): Pass (1/1)
      - ### Attribute-Matched Criteria

**DefaultAzureCredential Authentication**: Uses DefaultAzureCredential or another com.azure.identity credential. No hardcoded connection strings, account keys, SAS tokens, or secrets.: Pass
  - Client Builder Pattern (prompt): Pass (1/1)
      - ### Attribute-Matched Criteria

**Client Builder Pattern**: SDK clients constructed using *ClientBuilder classes with .endpoint() or .vaultUrl() and .credential(). No legacy constructors (CloudStorageAccount, DocumentClient, KeyVaultClient).: Pass
  - No Deprecated/Legacy Classes (prompt): Pass (1/1)
      - ### Attribute-Matched Criteria

**No Deprecated/Legacy Classes**: No deprecated classes from the old SDK (CloudStorageAccount, CloudBlobClient, DocumentClient, QueueClient, ApplicationTokenCredentials, MSICredentials, ConnectionStringBuilder).: Pass
  - Pagination (PagedIterable/PagedFlux) (prompt): Pass (1/1)
      - ### Attribute-Matched Criteria

**Pagination (PagedIterable/PagedFlux)**: List/query operations return PagedIterable (sync) or PagedFlux (async). Does not flatten all pages into a raw List or Stream in memory.: Pass
  - LRO Pattern (SyncPoller/PollerFlux) (prompt): Pass (1/1)
      - ### Attribute-Matched Criteria

**LRO Pattern (SyncPoller/PollerFlux)**: Long-running operations use SyncPoller (sync) or PollerFlux (async) with begin* method prefix. No Thread.sleep() polling loops.: Pass
  - Async Uses Project Reactor (Mono/Flux) (prompt): Pass (1/1)
      - ### Attribute-Matched Criteria

**Async Uses Project Reactor (Mono/Flux)**: Async code uses Project Reactor types (Mono, Flux). Not CompletableFuture (wrong), not RxJava (wrong), not sync wrapped in ExecutorService. No .block() inside async service implementations.: Pass
  - Service-Specific Exception Handling (prompt): Pass (1/1)
      - ### Attribute-Matched Criteria

**Service-Specific Exception Handling**: Catches service-specific exceptions (BlobStorageException, CosmosException, ServiceBusException, HttpResponseException) with status code inspection. Not just generic Exception catches.: Pass
  - Code Compiles (mvn compile / gradle compileJava) (prompt): Pass (1/1)
      - ### Attribute-Matched Criteria

**Code Compiles (mvn compile / gradle compileJava)**: The generated code compiles without errors. Attempt build verification if build tools are available.: Pass
  - Try-With-Resources for Clients (prompt): Pass (1/1)
      - ### Attribute-Matched Criteria

**Try-With-Resources for Clients**: All Azure SDK client instances that implement AutoCloseable are used within try-with-resources blocks or explicitly closed in a finally block.: Pass

Graders for storage-dp-java-blob-event-notifier / java-azure-skills/azure-skill-mcp:
- blob-event-notifier.prompt.md (prompt file):
  - Criteria from prompt file (prompt): Fail (9/10)
      - Handles Event Grid native schema via `EventGridEvent.fromString()` deserialization: Pass
      - Handles CloudEvents 1.0 schema via `CloudEvent.fromString()` deserialization: Pass
      - Does NOT manually parse JSON without the SDK's deserialization helpers: Pass
      - Routes events based on event type string (`Microsoft.Storage.BlobCreated`, `Microsoft.Storage.BlobDeleted`): Pass
      - Logs a warning for unrecognized event types: Pass
      - Parses container name and blob name from event subject (`/blobServices/default/containers/{container}/blobs/{blob}`): Pass
      - Publishes custom events with subject hierarchy for filtering: Pass
      - Retrieves and prints blob access tier from blob properties: Pass
      - Handles race condition: blob may no longer exist (catches `BlobStorageException` with 404 status): Pass
      - Catches Event Grid-specific exceptions for publishing errors: Fail
- java.yaml (criteria file):
  - Correct Dependencies (com.azure, not com.microsoft.azure) (prompt): Pass (1/1)
      - ### Attribute-Matched Criteria

**Correct Dependencies (com.azure, not com.microsoft.azure)**: Uses com.azure group ID for all Azure SDK packages. No com.microsoft.azure (legacy SDK) dependencies. Includes azure-identity for authentication.: Pass
  - Azure SDK BOM for Version Management (prompt): Pass (1/1)
      - ### Attribute-Matched Criteria

**Azure SDK BOM for Version Management**: Uses azure-sdk-bom in dependencyManagement to manage Azure SDK versions instead of hardcoding individual artifact versions. Dependencies should omit <version> tags when managed by the BOM.: Pass
  - Correct Imports (no legacy, no internal packages) (prompt): Pass (1/1)
      - ### Attribute-Matched Criteria

**Correct Imports (no legacy, no internal packages)**: All imports use com.azure.* packages. No com.microsoft.azure.* (legacy) or com.azure.*.implementation.* (internal API) imports.: Pass
  - DefaultAzureCredential Authentication (prompt): Pass (1/1)
      - ### Attribute-Matched Criteria

**DefaultAzureCredential Authentication**: Uses DefaultAzureCredential or another com.azure.identity credential. No hardcoded connection strings, account keys, SAS tokens, or secrets.: Pass
  - Client Builder Pattern (prompt): Pass (1/1)
      - ### Attribute-Matched Criteria

**Client Builder Pattern**: SDK clients constructed using *ClientBuilder classes with .endpoint() or .vaultUrl() and .credential(). No legacy constructors (CloudStorageAccount, DocumentClient, KeyVaultClient).: Pass
  - No Deprecated/Legacy Classes (prompt): Pass (1/1)
      - ### Attribute-Matched Criteria

**No Deprecated/Legacy Classes**: No deprecated classes from the old SDK (CloudStorageAccount, CloudBlobClient, DocumentClient, QueueClient, ApplicationTokenCredentials, MSICredentials, ConnectionStringBuilder).: Pass
  - Pagination (PagedIterable/PagedFlux) (prompt): Pass (1/1)
      - ### Attribute-Matched Criteria

**Pagination (PagedIterable/PagedFlux)**: List/query operations return PagedIterable (sync) or PagedFlux (async). Does not flatten all pages into a raw List or Stream in memory.: Pass
  - LRO Pattern (SyncPoller/PollerFlux) (prompt): Pass (1/1)
      - ### Attribute-Matched Criteria

**LRO Pattern (SyncPoller/PollerFlux)**: Long-running operations use SyncPoller (sync) or PollerFlux (async) with begin* method prefix. No Thread.sleep() polling loops.: Pass
  - Async Uses Project Reactor (Mono/Flux) (prompt): Pass (1/1)
      - ### Attribute-Matched Criteria

**Async Uses Project Reactor (Mono/Flux)**: Async code uses Project Reactor types (Mono, Flux). Not CompletableFuture (wrong), not RxJava (wrong), not sync wrapped in ExecutorService. No .block() inside async service implementations.: Pass
  - Service-Specific Exception Handling (prompt): Pass (1/1)
      - ### Attribute-Matched Criteria

**Service-Specific Exception Handling**: Catches service-specific exceptions (BlobStorageException, CosmosException, ServiceBusException, HttpResponseException) with status code inspection. Not just generic Exception catches.: Pass
  - Code Compiles (mvn compile / gradle compileJava) (prompt): Pass (1/1)
      - ### Attribute-Matched Criteria

**Code Compiles (mvn compile / gradle compileJava)**: The generated code compiles without errors. Attempt build verification if build tools are available.: Pass
  - Try-With-Resources for Clients (prompt): Pass (1/1)
      - ### Attribute-Matched Criteria

**Try-With-Resources for Clients**: All Azure SDK client instances that implement AutoCloseable are used within try-with-resources blocks or explicitly closed in a finally block.: Pass

Graders for storage-dp-java-blob-event-notifier / java-azure-skills/azure-skill-mcp-microsoft-skill:
- blob-event-notifier.prompt.md (prompt file):
  - Criteria from prompt file (prompt): Fail (9/10)
      - Handles Event Grid native schema via `EventGridEvent.fromString()` deserialization: Pass
      - Handles CloudEvents 1.0 schema via `CloudEvent.fromString()` deserialization: Pass
      - Does NOT manually parse JSON without the SDK's deserialization helpers: Pass
      - Routes events based on event type string (`Microsoft.Storage.BlobCreated`, `Microsoft.Storage.BlobDeleted`): Pass
      - Logs a warning for unrecognized event types: Pass
      - Parses container name and blob name from event subject (`/blobServices/default/containers/{container}/blobs/{blob}`): Pass
      - Publishes custom events with subject hierarchy for filtering: Pass
      - Retrieves and prints blob access tier from blob properties: Pass
      - Handles race condition: blob may no longer exist (catches `BlobStorageException` with 404 status): Pass
      - Catches Event Grid-specific exceptions for publishing errors: Fail
- java.yaml (criteria file):
  - Correct Dependencies (com.azure, not com.microsoft.azure) (prompt): Pass (1/1)
      - ### Attribute-Matched Criteria

**Correct Dependencies (com.azure, not com.microsoft.azure)**: Uses com.azure group ID for all Azure SDK packages. No com.microsoft.azure (legacy SDK) dependencies. Includes azure-identity for authentication.: Pass
  - Azure SDK BOM for Version Management (prompt): Fail (0/1)
      - ### Attribute-Matched Criteria

**Azure SDK BOM for Version Management**: Uses azure-sdk-bom in dependencyManagement to manage Azure SDK versions instead of hardcoding individual artifact versions. Dependencies should omit <version> tags when managed by the BOM.: Fail
  - Correct Imports (no legacy, no internal packages) (prompt): Pass (1/1)
      - ### Attribute-Matched Criteria

**Correct Imports (no legacy, no internal packages)**: All imports use com.azure.* packages. No com.microsoft.azure.* (legacy) or com.azure.*.implementation.* (internal API) imports.: Pass
  - DefaultAzureCredential Authentication (prompt): Pass (1/1)
      - ### Attribute-Matched Criteria

**DefaultAzureCredential Authentication**: Uses DefaultAzureCredential or another com.azure.identity credential. No hardcoded connection strings, account keys, SAS tokens, or secrets.: Pass
  - Client Builder Pattern (prompt): Pass (1/1)
      - ### Attribute-Matched Criteria

**Client Builder Pattern**: SDK clients constructed using *ClientBuilder classes with .endpoint() or .vaultUrl() and .credential(). No legacy constructors (CloudStorageAccount, DocumentClient, KeyVaultClient).: Pass
  - No Deprecated/Legacy Classes (prompt): Pass (1/1)
      - ### Attribute-Matched Criteria

**No Deprecated/Legacy Classes**: No deprecated classes from the old SDK (CloudStorageAccount, CloudBlobClient, DocumentClient, QueueClient, ApplicationTokenCredentials, MSICredentials, ConnectionStringBuilder).: Pass
  - Pagination (PagedIterable/PagedFlux) (prompt): Pass (1/1)
      - ### Attribute-Matched Criteria

**Pagination (PagedIterable/PagedFlux)**: List/query operations return PagedIterable (sync) or PagedFlux (async). Does not flatten all pages into a raw List or Stream in memory.: Pass
  - LRO Pattern (SyncPoller/PollerFlux) (prompt): Pass (1/1)
      - ### Attribute-Matched Criteria

**LRO Pattern (SyncPoller/PollerFlux)**: Long-running operations use SyncPoller (sync) or PollerFlux (async) with begin* method prefix. No Thread.sleep() polling loops.: Pass
  - Async Uses Project Reactor (Mono/Flux) (prompt): Pass (1/1)
      - ### Attribute-Matched Criteria

**Async Uses Project Reactor (Mono/Flux)**: Async code uses Project Reactor types (Mono, Flux). Not CompletableFuture (wrong), not RxJava (wrong), not sync wrapped in ExecutorService. No .block() inside async service implementations.: Pass
  - Service-Specific Exception Handling (prompt): Pass (1/1)
      - ### Attribute-Matched Criteria

**Service-Specific Exception Handling**: Catches service-specific exceptions (BlobStorageException, CosmosException, ServiceBusException, HttpResponseException) with status code inspection. Not just generic Exception catches.: Pass
  - Code Compiles (mvn compile / gradle compileJava) (prompt): Pass (1/1)
      - ### Attribute-Matched Criteria

**Code Compiles (mvn compile / gradle compileJava)**: The generated code compiles without errors. Attempt build verification if build tools are available.: Pass
  - Try-With-Resources for Clients (prompt): Pass (1/1)
      - ### Attribute-Matched Criteria

**Try-With-Resources for Clients**: All Azure SDK client instances that implement AutoCloseable are used within try-with-resources blocks or explicitly closed in a finally block.: Pass

Graders for storage-dp-java-blob-manager / java-azure-skills/baseline:
- blob-storage-manager.prompt.md (prompt file):
  - Criteria from prompt file (prompt): Fail (0/7)
      - Configures custom retry policy (exponential backoff, max retries, delay): Fail
      - Sets per-request or per-operation timeout: Fail
      - Enables HTTP logging (`HttpLogOptions`): Fail
      - Implements blob lease acquisition before overwrite (lease-specific API): Fail
      - Implements parallel/block upload for large files (`ParallelTransferOptions`, not manual chunking): Fail
      - Sets blob index tags on upload (not just metadata) — `Map<String, String>` via upload options: Fail
      - Properly composes reactive chains in the demo: Fail
- java.yaml (criteria file):
  - Correct Dependencies (com.azure, not com.microsoft.azure) (prompt): Fail (0/1)
      - ### Attribute-Matched Criteria

**Correct Dependencies (com.azure, not com.microsoft.azure)**: Uses com.azure group ID for all Azure SDK packages. No com.microsoft.azure (legacy SDK) dependencies. Includes azure-identity for authentication.: Fail
  - Azure SDK BOM for Version Management (prompt): Fail (0/1)
      - ### Attribute-Matched Criteria

**Azure SDK BOM for Version Management**: Uses azure-sdk-bom in dependencyManagement to manage Azure SDK versions instead of hardcoding individual artifact versions. Dependencies should omit <version> tags when managed by the BOM.: Fail
  - Correct Imports (no legacy, no internal packages) (prompt): Fail (0/1)
      - ### Attribute-Matched Criteria

**Correct Imports (no legacy, no internal packages)**: All imports use com.azure.* packages. No com.microsoft.azure.* (legacy) or com.azure.*.implementation.* (internal API) imports.: Fail
  - DefaultAzureCredential Authentication (prompt): Fail (0/1)
      - ### Attribute-Matched Criteria

**DefaultAzureCredential Authentication**: Uses DefaultAzureCredential or another com.azure.identity credential. No hardcoded connection strings, account keys, SAS tokens, or secrets.: Fail
  - Client Builder Pattern (prompt): Fail (0/1)
      - ### Attribute-Matched Criteria

**Client Builder Pattern**: SDK clients constructed using *ClientBuilder classes with .endpoint() or .vaultUrl() and .credential(). No legacy constructors (CloudStorageAccount, DocumentClient, KeyVaultClient).: Fail
  - No Deprecated/Legacy Classes (prompt): Pass (1/1)
      - ### Attribute-Matched Criteria

**No Deprecated/Legacy Classes**: No deprecated classes from the old SDK (CloudStorageAccount, CloudBlobClient, DocumentClient, QueueClient, ApplicationTokenCredentials, MSICredentials, ConnectionStringBuilder).: Pass
  - Pagination (PagedIterable/PagedFlux) (prompt): Fail (0/1)
      - ### Attribute-Matched Criteria

**Pagination (PagedIterable/PagedFlux)**: List/query operations return PagedIterable (sync) or PagedFlux (async). Does not flatten all pages into a raw List or Stream in memory.: Fail
  - LRO Pattern (SyncPoller/PollerFlux) (prompt): Fail (0/1)
      - ### Attribute-Matched Criteria

**LRO Pattern (SyncPoller/PollerFlux)**: Long-running operations use SyncPoller (sync) or PollerFlux (async) with begin* method prefix. No Thread.sleep() polling loops.: Fail
  - Async Uses Project Reactor (Mono/Flux) (prompt): Fail (0/1)
      - ### Attribute-Matched Criteria

**Async Uses Project Reactor (Mono/Flux)**: Async code uses Project Reactor types (Mono, Flux). Not CompletableFuture (wrong), not RxJava (wrong), not sync wrapped in ExecutorService. No .block() inside async service implementations.: Fail
  - Service-Specific Exception Handling (prompt): Fail (0/1)
      - ### Attribute-Matched Criteria

**Service-Specific Exception Handling**: Catches service-specific exceptions (BlobStorageException, CosmosException, ServiceBusException, HttpResponseException) with status code inspection. Not just generic Exception catches.: Fail
  - Code Compiles (mvn compile / gradle compileJava) (prompt): Fail (0/1)
      - ### Attribute-Matched Criteria

**Code Compiles (mvn compile / gradle compileJava)**: The generated code compiles without errors. Attempt build verification if build tools are available.: Fail
  - Try-With-Resources for Clients (prompt): Fail (0/1)
      - ### Attribute-Matched Criteria

**Try-With-Resources for Clients**: All Azure SDK client instances that implement AutoCloseable are used within try-with-resources blocks or explicitly closed in a finally block.: Fail

Graders for storage-dp-java-blob-manager / java-azure-skills/azure-skill-mcp:
- blob-storage-manager.prompt.md (prompt file):
  - Criteria from prompt file (prompt): Fail (6/7)
      - Configures custom retry policy (exponential backoff, max retries, delay): Pass
      - Sets per-request or per-operation timeout: Pass
      - Enables HTTP logging (`HttpLogOptions`): Pass
      - Implements blob lease acquisition before overwrite (lease-specific API): Pass
      - Implements parallel/block upload for large files (`ParallelTransferOptions`, not manual chunking): Pass
      - Sets blob index tags on upload (not just metadata) — `Map<String, String>` via upload options: Pass
      - Properly composes reactive chains in the demo: Fail
- java.yaml (criteria file):
  - Correct Dependencies (com.azure, not com.microsoft.azure) (prompt): Pass (1/1)
      - ### Attribute-Matched Criteria

**Correct Dependencies (com.azure, not com.microsoft.azure)**: Uses com.azure group ID for all Azure SDK packages. No com.microsoft.azure (legacy SDK) dependencies. Includes azure-identity for authentication.: Pass
  - Azure SDK BOM for Version Management (prompt): Fail (0/1)
      - ### Attribute-Matched Criteria

**Azure SDK BOM for Version Management**: Uses azure-sdk-bom in dependencyManagement to manage Azure SDK versions instead of hardcoding individual artifact versions. Dependencies should omit <version> tags when managed by the BOM.: Fail
  - Correct Imports (no legacy, no internal packages) (prompt): Pass (1/1)
      - ### Attribute-Matched Criteria

**Correct Imports (no legacy, no internal packages)**: All imports use com.azure.* packages. No com.microsoft.azure.* (legacy) or com.azure.*.implementation.* (internal API) imports.: Pass
  - DefaultAzureCredential Authentication (prompt): Pass (1/1)
      - ### Attribute-Matched Criteria

**DefaultAzureCredential Authentication**: Uses DefaultAzureCredential or another com.azure.identity credential. No hardcoded connection strings, account keys, SAS tokens, or secrets.: Pass
  - Client Builder Pattern (prompt): Pass (1/1)
      - ### Attribute-Matched Criteria

**Client Builder Pattern**: SDK clients constructed using *ClientBuilder classes with .endpoint() or .vaultUrl() and .credential(). No legacy constructors (CloudStorageAccount, DocumentClient, KeyVaultClient).: Pass
  - No Deprecated/Legacy Classes (prompt): Pass (1/1)
      - ### Attribute-Matched Criteria

**No Deprecated/Legacy Classes**: No deprecated classes from the old SDK (CloudStorageAccount, CloudBlobClient, DocumentClient, QueueClient, ApplicationTokenCredentials, MSICredentials, ConnectionStringBuilder).: Pass
  - Pagination (PagedIterable/PagedFlux) (prompt): Fail (0/1)
      - ### Attribute-Matched Criteria

**Pagination (PagedIterable/PagedFlux)**: List/query operations return PagedIterable (sync) or PagedFlux (async). Does not flatten all pages into a raw List or Stream in memory.: Fail
  - LRO Pattern (SyncPoller/PollerFlux) (prompt): Pass (1/1)
      - ### Attribute-Matched Criteria

**LRO Pattern (SyncPoller/PollerFlux)**: Long-running operations use SyncPoller (sync) or PollerFlux (async) with begin* method prefix. No Thread.sleep() polling loops.: Pass
  - Async Uses Project Reactor (Mono/Flux) (prompt): Pass (1/1)
      - ### Attribute-Matched Criteria

**Async Uses Project Reactor (Mono/Flux)**: Async code uses Project Reactor types (Mono, Flux). Not CompletableFuture (wrong), not RxJava (wrong), not sync wrapped in ExecutorService. No .block() inside async service implementations.: Pass
  - Service-Specific Exception Handling (prompt): Fail (0/1)
      - ### Attribute-Matched Criteria

**Service-Specific Exception Handling**: Catches service-specific exceptions (BlobStorageException, CosmosException, ServiceBusException, HttpResponseException) with status code inspection. Not just generic Exception catches.: Fail
  - Code Compiles (mvn compile / gradle compileJava) (prompt): Pass (1/1)
      - ### Attribute-Matched Criteria

**Code Compiles (mvn compile / gradle compileJava)**: The generated code compiles without errors. Attempt build verification if build tools are available.: Pass
  - Try-With-Resources for Clients (prompt): Pass (1/1)
      - ### Attribute-Matched Criteria

**Try-With-Resources for Clients**: All Azure SDK client instances that implement AutoCloseable are used within try-with-resources blocks or explicitly closed in a finally block.: Pass

Graders for storage-dp-java-blob-manager / java-azure-skills/azure-skill-mcp-microsoft-skill:
- blob-storage-manager.prompt.md (prompt file):
  - Criteria from prompt file (prompt): Pass (7/7)
      - Configures custom retry policy (exponential backoff, max retries, delay): Pass
      - Sets per-request or per-operation timeout: Pass
      - Enables HTTP logging (`HttpLogOptions`): Pass
      - Implements blob lease acquisition before overwrite (lease-specific API): Pass
      - Implements parallel/block upload for large files (`ParallelTransferOptions`, not manual chunking): Pass
      - Sets blob index tags on upload (not just metadata) — `Map<String, String>` via upload options: Pass
      - Properly composes reactive chains in the demo: Pass
- java.yaml (criteria file):
  - Correct Dependencies (com.azure, not com.microsoft.azure) (prompt): Pass (1/1)
      - ### Attribute-Matched Criteria

**Correct Dependencies (com.azure, not com.microsoft.azure)**: Uses com.azure group ID for all Azure SDK packages. No com.microsoft.azure (legacy SDK) dependencies. Includes azure-identity for authentication.: Pass
  - Azure SDK BOM for Version Management (prompt): Fail (0/1)
      - ### Attribute-Matched Criteria

**Azure SDK BOM for Version Management**: Uses azure-sdk-bom in dependencyManagement to manage Azure SDK versions instead of hardcoding individual artifact versions. Dependencies should omit <version> tags when managed by the BOM.: Fail
  - Correct Imports (no legacy, no internal packages) (prompt): Pass (1/1)
      - ### Attribute-Matched Criteria

**Correct Imports (no legacy, no internal packages)**: All imports use com.azure.* packages. No com.microsoft.azure.* (legacy) or com.azure.*.implementation.* (internal API) imports.: Pass
  - DefaultAzureCredential Authentication (prompt): Pass (1/1)
      - ### Attribute-Matched Criteria

**DefaultAzureCredential Authentication**: Uses DefaultAzureCredential or another com.azure.identity credential. No hardcoded connection strings, account keys, SAS tokens, or secrets.: Pass
  - Client Builder Pattern (prompt): Pass (1/1)
      - ### Attribute-Matched Criteria

**Client Builder Pattern**: SDK clients constructed using *ClientBuilder classes with .endpoint() or .vaultUrl() and .credential(). No legacy constructors (CloudStorageAccount, DocumentClient, KeyVaultClient).: Pass
  - No Deprecated/Legacy Classes (prompt): Pass (1/1)
      - ### Attribute-Matched Criteria

**No Deprecated/Legacy Classes**: No deprecated classes from the old SDK (CloudStorageAccount, CloudBlobClient, DocumentClient, QueueClient, ApplicationTokenCredentials, MSICredentials, ConnectionStringBuilder).: Pass
  - Pagination (PagedIterable/PagedFlux) (prompt): Fail (0/1)
      - ### Attribute-Matched Criteria

**Pagination (PagedIterable/PagedFlux)**: List/query operations return PagedIterable (sync) or PagedFlux (async). Does not flatten all pages into a raw List or Stream in memory.: Fail
  - LRO Pattern (SyncPoller/PollerFlux) (prompt): Pass (1/1)
      - ### Attribute-Matched Criteria

**LRO Pattern (SyncPoller/PollerFlux)**: Long-running operations use SyncPoller (sync) or PollerFlux (async) with begin* method prefix. No Thread.sleep() polling loops.: Pass
  - Async Uses Project Reactor (Mono/Flux) (prompt): Pass (1/1)
      - ### Attribute-Matched Criteria

**Async Uses Project Reactor (Mono/Flux)**: Async code uses Project Reactor types (Mono, Flux). Not CompletableFuture (wrong), not RxJava (wrong), not sync wrapped in ExecutorService. No .block() inside async service implementations.: Pass
  - Service-Specific Exception Handling (prompt): Pass (1/1)
      - ### Attribute-Matched Criteria

**Service-Specific Exception Handling**: Catches service-specific exceptions (BlobStorageException, CosmosException, ServiceBusException, HttpResponseException) with status code inspection. Not just generic Exception catches.: Pass
  - Code Compiles (mvn compile / gradle compileJava) (prompt): Pass (1/1)
      - ### Attribute-Matched Criteria

**Code Compiles (mvn compile / gradle compileJava)**: The generated code compiles without errors. Attempt build verification if build tools are available.: Pass
  - Try-With-Resources for Clients (prompt): Pass (1/1)
      - ### Attribute-Matched Criteria

**Try-With-Resources for Clients**: All Azure SDK client instances that implement AutoCloseable are used within try-with-resources blocks or explicitly closed in a finally block.: Pass

Graders for storage-dp-java-crud / java-azure-skills/baseline:
- crud-blobs.prompt.md (prompt file):
  - Criteria from prompt file (prompt): Fail (6/7)
      - Maven dependency for `azure-storage-blob` and `azure-identity`: Pass
      - `BlobServiceClientBuilder` with `DefaultAzureCredential`: Pass
      - `BlobContainerClient.create()` and `exists()` check: Fail
      - `BlobClient.uploadFromFile()` and `downloadToFile()`: Pass
      - `BlobContainerClient.listBlobs()` iteration: Pass
      - `BlobClient.delete()` and `BlobContainerClient.delete()`: Pass
      - `BlobStorageException` handling with status codes: Pass
- java.yaml (criteria file):
  - Correct Dependencies (com.azure, not com.microsoft.azure) (prompt): Pass (1/1)
      - ### Attribute-Matched Criteria

**Correct Dependencies (com.azure, not com.microsoft.azure)**: Uses com.azure group ID for all Azure SDK packages. No com.microsoft.azure (legacy SDK) dependencies. Includes azure-identity for authentication.: Pass
  - Azure SDK BOM for Version Management (prompt): Fail (0/1)
      - ### Attribute-Matched Criteria

**Azure SDK BOM for Version Management**: Uses azure-sdk-bom in dependencyManagement to manage Azure SDK versions instead of hardcoding individual artifact versions. Dependencies should omit <version> tags when managed by the BOM.: Fail
  - Correct Imports (no legacy, no internal packages) (prompt): Pass (1/1)
      - ### Attribute-Matched Criteria

**Correct Imports (no legacy, no internal packages)**: All imports use com.azure.* packages. No com.microsoft.azure.* (legacy) or com.azure.*.implementation.* (internal API) imports.: Pass
  - DefaultAzureCredential Authentication (prompt): Pass (1/1)
      - ### Attribute-Matched Criteria

**DefaultAzureCredential Authentication**: Uses DefaultAzureCredential or another com.azure.identity credential. No hardcoded connection strings, account keys, SAS tokens, or secrets.: Pass
  - Client Builder Pattern (prompt): Pass (1/1)
      - ### Attribute-Matched Criteria

**Client Builder Pattern**: SDK clients constructed using *ClientBuilder classes with .endpoint() or .vaultUrl() and .credential(). No legacy constructors (CloudStorageAccount, DocumentClient, KeyVaultClient).: Pass
  - No Deprecated/Legacy Classes (prompt): Pass (1/1)
      - ### Attribute-Matched Criteria

**No Deprecated/Legacy Classes**: No deprecated classes from the old SDK (CloudStorageAccount, CloudBlobClient, DocumentClient, QueueClient, ApplicationTokenCredentials, MSICredentials, ConnectionStringBuilder).: Pass
  - Pagination (PagedIterable/PagedFlux) (prompt): Pass (1/1)
      - ### Attribute-Matched Criteria

**Pagination (PagedIterable/PagedFlux)**: List/query operations return PagedIterable (sync) or PagedFlux (async). Does not flatten all pages into a raw List or Stream in memory.: Pass
  - LRO Pattern (SyncPoller/PollerFlux) (prompt): Pass (1/1)
      - ### Attribute-Matched Criteria

**LRO Pattern (SyncPoller/PollerFlux)**: Long-running operations use SyncPoller (sync) or PollerFlux (async) with begin* method prefix. No Thread.sleep() polling loops.: Pass
  - Async Uses Project Reactor (Mono/Flux) (prompt): Pass (1/1)
      - ### Attribute-Matched Criteria

**Async Uses Project Reactor (Mono/Flux)**: Async code uses Project Reactor types (Mono, Flux). Not CompletableFuture (wrong), not RxJava (wrong), not sync wrapped in ExecutorService. No .block() inside async service implementations.: Pass
  - Service-Specific Exception Handling (prompt): Pass (1/1)
      - ### Attribute-Matched Criteria

**Service-Specific Exception Handling**: Catches service-specific exceptions (BlobStorageException, CosmosException, ServiceBusException, HttpResponseException) with status code inspection. Not just generic Exception catches.: Pass
  - Code Compiles (mvn compile / gradle compileJava) (prompt): Fail (0/1)
      - ### Attribute-Matched Criteria

**Code Compiles (mvn compile / gradle compileJava)**: The generated code compiles without errors. Attempt build verification if build tools are available.: Fail
  - Try-With-Resources for Clients (prompt): Pass (1/1)
      - ### Attribute-Matched Criteria

**Try-With-Resources for Clients**: All Azure SDK client instances that implement AutoCloseable are used within try-with-resources blocks or explicitly closed in a finally block.: Pass

Graders for storage-dp-java-crud / java-azure-skills/azure-skill-mcp:
- crud-blobs.prompt.md (prompt file):
  - Criteria from prompt file (prompt): Fail (6/7)
      - Maven dependency for `azure-storage-blob` and `azure-identity`: Pass
      - `BlobServiceClientBuilder` with `DefaultAzureCredential`: Pass
      - `BlobContainerClient.create()` and `exists()` check: Fail
      - `BlobClient.uploadFromFile()` and `downloadToFile()`: Pass
      - `BlobContainerClient.listBlobs()` iteration: Pass
      - `BlobClient.delete()` and `BlobContainerClient.delete()`: Pass
      - `BlobStorageException` handling with status codes: Pass
- java.yaml (criteria file):
  - Correct Dependencies (com.azure, not com.microsoft.azure) (prompt): Pass (1/1)
      - ### Attribute-Matched Criteria

**Correct Dependencies (com.azure, not com.microsoft.azure)**: Uses com.azure group ID for all Azure SDK packages. No com.microsoft.azure (legacy SDK) dependencies. Includes azure-identity for authentication.: Pass
  - Azure SDK BOM for Version Management (prompt): Pass (1/1)
      - ### Attribute-Matched Criteria

**Azure SDK BOM for Version Management**: Uses azure-sdk-bom in dependencyManagement to manage Azure SDK versions instead of hardcoding individual artifact versions. Dependencies should omit <version> tags when managed by the BOM.: Pass
  - Correct Imports (no legacy, no internal packages) (prompt): Pass (1/1)
      - ### Attribute-Matched Criteria

**Correct Imports (no legacy, no internal packages)**: All imports use com.azure.* packages. No com.microsoft.azure.* (legacy) or com.azure.*.implementation.* (internal API) imports.: Pass
  - DefaultAzureCredential Authentication (prompt): Pass (1/1)
      - ### Attribute-Matched Criteria

**DefaultAzureCredential Authentication**: Uses DefaultAzureCredential or another com.azure.identity credential. No hardcoded connection strings, account keys, SAS tokens, or secrets.: Pass
  - Client Builder Pattern (prompt): Pass (1/1)
      - ### Attribute-Matched Criteria

**Client Builder Pattern**: SDK clients constructed using *ClientBuilder classes with .endpoint() or .vaultUrl() and .credential(). No legacy constructors (CloudStorageAccount, DocumentClient, KeyVaultClient).: Pass
  - No Deprecated/Legacy Classes (prompt): Pass (1/1)
      - ### Attribute-Matched Criteria

**No Deprecated/Legacy Classes**: No deprecated classes from the old SDK (CloudStorageAccount, CloudBlobClient, DocumentClient, QueueClient, ApplicationTokenCredentials, MSICredentials, ConnectionStringBuilder).: Pass
  - Pagination (PagedIterable/PagedFlux) (prompt): Pass (1/1)
      - ### Attribute-Matched Criteria

**Pagination (PagedIterable/PagedFlux)**: List/query operations return PagedIterable (sync) or PagedFlux (async). Does not flatten all pages into a raw List or Stream in memory.: Pass
  - LRO Pattern (SyncPoller/PollerFlux) (prompt): Pass (1/1)
      - ### Attribute-Matched Criteria

**LRO Pattern (SyncPoller/PollerFlux)**: Long-running operations use SyncPoller (sync) or PollerFlux (async) with begin* method prefix. No Thread.sleep() polling loops.: Pass
  - Async Uses Project Reactor (Mono/Flux) (prompt): Pass (1/1)
      - ### Attribute-Matched Criteria

**Async Uses Project Reactor (Mono/Flux)**: Async code uses Project Reactor types (Mono, Flux). Not CompletableFuture (wrong), not RxJava (wrong), not sync wrapped in ExecutorService. No .block() inside async service implementations.: Pass
  - Service-Specific Exception Handling (prompt): Pass (1/1)
      - ### Attribute-Matched Criteria

**Service-Specific Exception Handling**: Catches service-specific exceptions (BlobStorageException, CosmosException, ServiceBusException, HttpResponseException) with status code inspection. Not just generic Exception catches.: Pass
  - Code Compiles (mvn compile / gradle compileJava) (prompt): Pass (1/1)
      - ### Attribute-Matched Criteria

**Code Compiles (mvn compile / gradle compileJava)**: The generated code compiles without errors. Attempt build verification if build tools are available.: Pass
  - Try-With-Resources for Clients (prompt): Pass (1/1)
      - ### Attribute-Matched Criteria

**Try-With-Resources for Clients**: All Azure SDK client instances that implement AutoCloseable are used within try-with-resources blocks or explicitly closed in a finally block.: Pass

Graders for storage-dp-java-crud / java-azure-skills/azure-skill-mcp-microsoft-skill:
- crud-blobs.prompt.md (prompt file):
  - Criteria from prompt file (prompt): Fail (6/7)
      - Maven dependency for `azure-storage-blob` and `azure-identity`: Pass
      - `BlobServiceClientBuilder` with `DefaultAzureCredential`: Pass
      - `BlobContainerClient.create()` and `exists()` check: Fail
      - `BlobClient.uploadFromFile()` and `downloadToFile()`: Pass
      - `BlobContainerClient.listBlobs()` iteration: Pass
      - `BlobClient.delete()` and `BlobContainerClient.delete()`: Pass
      - `BlobStorageException` handling with status codes: Pass
- java.yaml (criteria file):
  - Correct Dependencies (com.azure, not com.microsoft.azure) (prompt): Pass (1/1)
      - ### Attribute-Matched Criteria

**Correct Dependencies (com.azure, not com.microsoft.azure)**: Uses com.azure group ID for all Azure SDK packages. No com.microsoft.azure (legacy SDK) dependencies. Includes azure-identity for authentication.: Pass
  - Azure SDK BOM for Version Management (prompt): Fail (0/1)
      - ### Attribute-Matched Criteria

**Azure SDK BOM for Version Management**: Uses azure-sdk-bom in dependencyManagement to manage Azure SDK versions instead of hardcoding individual artifact versions. Dependencies should omit <version> tags when managed by the BOM.: Fail
  - Correct Imports (no legacy, no internal packages) (prompt): Pass (1/1)
      - ### Attribute-Matched Criteria

**Correct Imports (no legacy, no internal packages)**: All imports use com.azure.* packages. No com.microsoft.azure.* (legacy) or com.azure.*.implementation.* (internal API) imports.: Pass
  - DefaultAzureCredential Authentication (prompt): Pass (1/1)
      - ### Attribute-Matched Criteria

**DefaultAzureCredential Authentication**: Uses DefaultAzureCredential or another com.azure.identity credential. No hardcoded connection strings, account keys, SAS tokens, or secrets.: Pass
  - Client Builder Pattern (prompt): Pass (1/1)
      - ### Attribute-Matched Criteria

**Client Builder Pattern**: SDK clients constructed using *ClientBuilder classes with .endpoint() or .vaultUrl() and .credential(). No legacy constructors (CloudStorageAccount, DocumentClient, KeyVaultClient).: Pass
  - No Deprecated/Legacy Classes (prompt): Pass (1/1)
      - ### Attribute-Matched Criteria

**No Deprecated/Legacy Classes**: No deprecated classes from the old SDK (CloudStorageAccount, CloudBlobClient, DocumentClient, QueueClient, ApplicationTokenCredentials, MSICredentials, ConnectionStringBuilder).: Pass
  - Pagination (PagedIterable/PagedFlux) (prompt): Pass (1/1)
      - ### Attribute-Matched Criteria

**Pagination (PagedIterable/PagedFlux)**: List/query operations return PagedIterable (sync) or PagedFlux (async). Does not flatten all pages into a raw List or Stream in memory.: Pass
  - LRO Pattern (SyncPoller/PollerFlux) (prompt): Pass (1/1)
      - ### Attribute-Matched Criteria

**LRO Pattern (SyncPoller/PollerFlux)**: Long-running operations use SyncPoller (sync) or PollerFlux (async) with begin* method prefix. No Thread.sleep() polling loops.: Pass
  - Async Uses Project Reactor (Mono/Flux) (prompt): Pass (1/1)
      - ### Attribute-Matched Criteria

**Async Uses Project Reactor (Mono/Flux)**: Async code uses Project Reactor types (Mono, Flux). Not CompletableFuture (wrong), not RxJava (wrong), not sync wrapped in ExecutorService. No .block() inside async service implementations.: Pass
  - Service-Specific Exception Handling (prompt): Pass (1/1)
      - ### Attribute-Matched Criteria

**Service-Specific Exception Handling**: Catches service-specific exceptions (BlobStorageException, CosmosException, ServiceBusException, HttpResponseException) with status code inspection. Not just generic Exception catches.: Pass
  - Code Compiles (mvn compile / gradle compileJava) (prompt): Pass (1/1)
      - ### Attribute-Matched Criteria

**Code Compiles (mvn compile / gradle compileJava)**: The generated code compiles without errors. Attempt build verification if build tools are available.: Pass
  - Try-With-Resources for Clients (prompt): Pass (1/1)
      - ### Attribute-Matched Criteria

**Try-With-Resources for Clients**: All Azure SDK client instances that implement AutoCloseable are used within try-with-resources blocks or explicitly closed in a finally block.: Pass

Graders for storage-dp-java-encrypted-uploader / java-azure-skills/baseline:
- encrypted-uploader.prompt.md (prompt file):
  - Criteria from prompt file (prompt): Pass (20/20)
      - Uses `com.azure:azure-security-keyvault-keys` (Keys, NOT Secrets) — critical distinction: Pass
      - Uses `javax.crypto` or `java.security` for local AES-GCM encryption: Pass
      - Uses `KeyClient` / `CryptographyClient` builder for Key Vault Keys (NOT `SecretClient`): Pass
      - Uses `CryptographyClient` for `wrapKey()` and `unwrapKey()` operations: Pass
      - Specifies RSA key wrap algorithm (`KeyWrapAlgorithm.RSA_OAEP` or `RSA_OAEP_256`): Pass
      - Key material never leaves Key Vault (wrap/unwrap is server-side): Pass
      - Generates a random AES-256 DEK locally (32 bytes): Pass
      - Encrypts data with AES-GCM locally using the DEK: Pass
      - Wraps the DEK via Key Vault `wrapKey()`: Pass
      - Stores wrapped DEK as blob metadata: Pass
      - Stores IV (initialization vector) in blob metadata: Pass
      - Stores vault key identifier in blob metadata: Pass
      - For decryption: retrieves wrapped DEK from metadata, unwraps via Key Vault, decrypts locally: Pass
      - Uses AES-GCM (not AES-CBC, AES-ECB, or other modes): Pass
      - Generates random IV for each encryption (typically 12 bytes for GCM): Pass
      - Handles Key Vault errors (key disabled, key not found): Pass
      - Uses `BlobAsyncClient` and `CryptographyAsyncClient` for async: Pass
      - NOT using `SecretClient` instead of `KeyClient`/`CryptographyClient`: Pass
      - NOT encrypting data directly with the vault key (should be envelope encryption): Pass
      - NOT storing raw DEK in plaintext: Pass
- java.yaml (criteria file):
  - Correct Dependencies (com.azure, not com.microsoft.azure) (prompt): Pass (1/1)
      - ### Attribute-Matched Criteria

**Correct Dependencies (com.azure, not com.microsoft.azure)**: Uses com.azure group ID for all Azure SDK packages. No com.microsoft.azure (legacy SDK) dependencies. Includes azure-identity for authentication.: Pass
  - Azure SDK BOM for Version Management (prompt): Fail (0/1)
      - ### Attribute-Matched Criteria

**Azure SDK BOM for Version Management**: Uses azure-sdk-bom in dependencyManagement to manage Azure SDK versions instead of hardcoding individual artifact versions. Dependencies should omit <version> tags when managed by the BOM.: Fail
  - Correct Imports (no legacy, no internal packages) (prompt): Pass (1/1)
      - ### Attribute-Matched Criteria

**Correct Imports (no legacy, no internal packages)**: All imports use com.azure.* packages. No com.microsoft.azure.* (legacy) or com.azure.*.implementation.* (internal API) imports.: Pass
  - DefaultAzureCredential Authentication (prompt): Pass (1/1)
      - ### Attribute-Matched Criteria

**DefaultAzureCredential Authentication**: Uses DefaultAzureCredential or another com.azure.identity credential. No hardcoded connection strings, account keys, SAS tokens, or secrets.: Pass
  - Client Builder Pattern (prompt): Pass (1/1)
      - ### Attribute-Matched Criteria

**Client Builder Pattern**: SDK clients constructed using *ClientBuilder classes with .endpoint() or .vaultUrl() and .credential(). No legacy constructors (CloudStorageAccount, DocumentClient, KeyVaultClient).: Pass
  - No Deprecated/Legacy Classes (prompt): Pass (1/1)
      - ### Attribute-Matched Criteria

**No Deprecated/Legacy Classes**: No deprecated classes from the old SDK (CloudStorageAccount, CloudBlobClient, DocumentClient, QueueClient, ApplicationTokenCredentials, MSICredentials, ConnectionStringBuilder).: Pass
  - Pagination (PagedIterable/PagedFlux) (prompt): Pass (1/1)
      - ### Attribute-Matched Criteria

**Pagination (PagedIterable/PagedFlux)**: List/query operations return PagedIterable (sync) or PagedFlux (async). Does not flatten all pages into a raw List or Stream in memory.: Pass
  - LRO Pattern (SyncPoller/PollerFlux) (prompt): Pass (1/1)
      - ### Attribute-Matched Criteria

**LRO Pattern (SyncPoller/PollerFlux)**: Long-running operations use SyncPoller (sync) or PollerFlux (async) with begin* method prefix. No Thread.sleep() polling loops.: Pass
  - Async Uses Project Reactor (Mono/Flux) (prompt): Pass (1/1)
      - ### Attribute-Matched Criteria

**Async Uses Project Reactor (Mono/Flux)**: Async code uses Project Reactor types (Mono, Flux). Not CompletableFuture (wrong), not RxJava (wrong), not sync wrapped in ExecutorService. No .block() inside async service implementations.: Pass
  - Service-Specific Exception Handling (prompt): Pass (1/1)
      - ### Attribute-Matched Criteria

**Service-Specific Exception Handling**: Catches service-specific exceptions (BlobStorageException, CosmosException, ServiceBusException, HttpResponseException) with status code inspection. Not just generic Exception catches.: Pass
  - Code Compiles (mvn compile / gradle compileJava) (prompt): Pass (1/1)
      - ### Attribute-Matched Criteria

**Code Compiles (mvn compile / gradle compileJava)**: The generated code compiles without errors. Attempt build verification if build tools are available.: Pass
  - Try-With-Resources for Clients (prompt): Pass (1/1)
      - ### Attribute-Matched Criteria

**Try-With-Resources for Clients**: All Azure SDK client instances that implement AutoCloseable are used within try-with-resources blocks or explicitly closed in a finally block.: Pass

Graders for storage-dp-java-encrypted-uploader / java-azure-skills/azure-skill-mcp:
- encrypted-uploader.prompt.md (prompt file):
  - Criteria from prompt file (prompt): Pass (20/20)
      - Uses `com.azure:azure-security-keyvault-keys` (Keys, NOT Secrets) — critical distinction: Pass
      - Uses `javax.crypto` or `java.security` for local AES-GCM encryption: Pass
      - Uses `KeyClient` / `CryptographyClient` builder for Key Vault Keys (NOT `SecretClient`): Pass
      - Uses `CryptographyClient` for `wrapKey()` and `unwrapKey()` operations: Pass
      - Specifies RSA key wrap algorithm (`KeyWrapAlgorithm.RSA_OAEP` or `RSA_OAEP_256`): Pass
      - Key material never leaves Key Vault (wrap/unwrap is server-side): Pass
      - Generates a random AES-256 DEK locally (32 bytes): Pass
      - Encrypts data with AES-GCM locally using the DEK: Pass
      - Wraps the DEK via Key Vault `wrapKey()`: Pass
      - Stores wrapped DEK as blob metadata: Pass
      - Stores IV (initialization vector) in blob metadata: Pass
      - Stores vault key identifier in blob metadata: Pass
      - For decryption: retrieves wrapped DEK from metadata, unwraps via Key Vault, decrypts locally: Pass
      - Uses AES-GCM (not AES-CBC, AES-ECB, or other modes): Pass
      - Generates random IV for each encryption (typically 12 bytes for GCM): Pass
      - Handles Key Vault errors (key disabled, key not found): Pass
      - Uses `BlobAsyncClient` and `CryptographyAsyncClient` for async: Pass
      - NOT using `SecretClient` instead of `KeyClient`/`CryptographyClient`: Pass
      - NOT encrypting data directly with the vault key (should be envelope encryption): Pass
      - NOT storing raw DEK in plaintext: Pass
- java.yaml (criteria file):
  - Correct Dependencies (com.azure, not com.microsoft.azure) (prompt): Pass (1/1)
      - ### Attribute-Matched Criteria

**Correct Dependencies (com.azure, not com.microsoft.azure)**: Uses com.azure group ID for all Azure SDK packages. No com.microsoft.azure (legacy SDK) dependencies. Includes azure-identity for authentication.: Pass
  - Azure SDK BOM for Version Management (prompt): Pass (1/1)
      - ### Attribute-Matched Criteria

**Azure SDK BOM for Version Management**: Uses azure-sdk-bom in dependencyManagement to manage Azure SDK versions instead of hardcoding individual artifact versions. Dependencies should omit <version> tags when managed by the BOM.: Pass
  - Correct Imports (no legacy, no internal packages) (prompt): Pass (1/1)
      - ### Attribute-Matched Criteria

**Correct Imports (no legacy, no internal packages)**: All imports use com.azure.* packages. No com.microsoft.azure.* (legacy) or com.azure.*.implementation.* (internal API) imports.: Pass
  - DefaultAzureCredential Authentication (prompt): Pass (1/1)
      - ### Attribute-Matched Criteria

**DefaultAzureCredential Authentication**: Uses DefaultAzureCredential or another com.azure.identity credential. No hardcoded connection strings, account keys, SAS tokens, or secrets.: Pass
  - Client Builder Pattern (prompt): Pass (1/1)
      - ### Attribute-Matched Criteria

**Client Builder Pattern**: SDK clients constructed using *ClientBuilder classes with .endpoint() or .vaultUrl() and .credential(). No legacy constructors (CloudStorageAccount, DocumentClient, KeyVaultClient).: Pass
  - No Deprecated/Legacy Classes (prompt): Pass (1/1)
      - ### Attribute-Matched Criteria

**No Deprecated/Legacy Classes**: No deprecated classes from the old SDK (CloudStorageAccount, CloudBlobClient, DocumentClient, QueueClient, ApplicationTokenCredentials, MSICredentials, ConnectionStringBuilder).: Pass
  - Pagination (PagedIterable/PagedFlux) (prompt): Pass (1/1)
      - ### Attribute-Matched Criteria

**Pagination (PagedIterable/PagedFlux)**: List/query operations return PagedIterable (sync) or PagedFlux (async). Does not flatten all pages into a raw List or Stream in memory.: Pass
  - LRO Pattern (SyncPoller/PollerFlux) (prompt): Pass (1/1)
      - ### Attribute-Matched Criteria

**LRO Pattern (SyncPoller/PollerFlux)**: Long-running operations use SyncPoller (sync) or PollerFlux (async) with begin* method prefix. No Thread.sleep() polling loops.: Pass
  - Async Uses Project Reactor (Mono/Flux) (prompt): Pass (1/1)
      - ### Attribute-Matched Criteria

**Async Uses Project Reactor (Mono/Flux)**: Async code uses Project Reactor types (Mono, Flux). Not CompletableFuture (wrong), not RxJava (wrong), not sync wrapped in ExecutorService. No .block() inside async service implementations.: Pass
  - Service-Specific Exception Handling (prompt): Fail (0/1)
      - ### Attribute-Matched Criteria

**Service-Specific Exception Handling**: Catches service-specific exceptions (BlobStorageException, CosmosException, ServiceBusException, HttpResponseException) with status code inspection. Not just generic Exception catches.: Fail
  - Code Compiles (mvn compile / gradle compileJava) (prompt): Pass (1/1)
      - ### Attribute-Matched Criteria

**Code Compiles (mvn compile / gradle compileJava)**: The generated code compiles without errors. Attempt build verification if build tools are available.: Pass
  - Try-With-Resources for Clients (prompt): Pass (1/1)
      - ### Attribute-Matched Criteria

**Try-With-Resources for Clients**: All Azure SDK client instances that implement AutoCloseable are used within try-with-resources blocks or explicitly closed in a finally block.: Pass

Graders for storage-dp-java-encrypted-uploader / java-azure-skills/azure-skill-mcp-microsoft-skill:
- encrypted-uploader.prompt.md (prompt file):
  - Criteria from prompt file (prompt): Pass (20/20)
      - Uses `com.azure:azure-security-keyvault-keys` (Keys, NOT Secrets) — critical distinction: Pass
      - Uses `javax.crypto` or `java.security` for local AES-GCM encryption: Pass
      - Uses `KeyClient` / `CryptographyClient` builder for Key Vault Keys (NOT `SecretClient`): Pass
      - Uses `CryptographyClient` for `wrapKey()` and `unwrapKey()` operations: Pass
      - Specifies RSA key wrap algorithm (`KeyWrapAlgorithm.RSA_OAEP` or `RSA_OAEP_256`): Pass
      - Key material never leaves Key Vault (wrap/unwrap is server-side): Pass
      - Generates a random AES-256 DEK locally (32 bytes): Pass
      - Encrypts data with AES-GCM locally using the DEK: Pass
      - Wraps the DEK via Key Vault `wrapKey()`: Pass
      - Stores wrapped DEK as blob metadata: Pass
      - Stores IV (initialization vector) in blob metadata: Pass
      - Stores vault key identifier in blob metadata: Pass
      - For decryption: retrieves wrapped DEK from metadata, unwraps via Key Vault, decrypts locally: Pass
      - Uses AES-GCM (not AES-CBC, AES-ECB, or other modes): Pass
      - Generates random IV for each encryption (typically 12 bytes for GCM): Pass
      - Handles Key Vault errors (key disabled, key not found): Pass
      - Uses `BlobAsyncClient` and `CryptographyAsyncClient` for async: Pass
      - NOT using `SecretClient` instead of `KeyClient`/`CryptographyClient`: Pass
      - NOT encrypting data directly with the vault key (should be envelope encryption): Pass
      - NOT storing raw DEK in plaintext: Pass
- java.yaml (criteria file):
  - Correct Dependencies (com.azure, not com.microsoft.azure) (prompt): Pass (1/1)
      - ### Attribute-Matched Criteria

**Correct Dependencies (com.azure, not com.microsoft.azure)**: Uses com.azure group ID for all Azure SDK packages. No com.microsoft.azure (legacy SDK) dependencies. Includes azure-identity for authentication.: Pass
  - Azure SDK BOM for Version Management (prompt): Fail (0/1)
      - ### Attribute-Matched Criteria

**Azure SDK BOM for Version Management**: Uses azure-sdk-bom in dependencyManagement to manage Azure SDK versions instead of hardcoding individual artifact versions. Dependencies should omit <version> tags when managed by the BOM.: Fail
  - Correct Imports (no legacy, no internal packages) (prompt): Pass (1/1)
      - ### Attribute-Matched Criteria

**Correct Imports (no legacy, no internal packages)**: All imports use com.azure.* packages. No com.microsoft.azure.* (legacy) or com.azure.*.implementation.* (internal API) imports.: Pass
  - DefaultAzureCredential Authentication (prompt): Pass (1/1)
      - ### Attribute-Matched Criteria

**DefaultAzureCredential Authentication**: Uses DefaultAzureCredential or another com.azure.identity credential. No hardcoded connection strings, account keys, SAS tokens, or secrets.: Pass
  - Client Builder Pattern (prompt): Pass (1/1)
      - ### Attribute-Matched Criteria

**Client Builder Pattern**: SDK clients constructed using *ClientBuilder classes with .endpoint() or .vaultUrl() and .credential(). No legacy constructors (CloudStorageAccount, DocumentClient, KeyVaultClient).: Pass
  - No Deprecated/Legacy Classes (prompt): Pass (1/1)
      - ### Attribute-Matched Criteria

**No Deprecated/Legacy Classes**: No deprecated classes from the old SDK (CloudStorageAccount, CloudBlobClient, DocumentClient, QueueClient, ApplicationTokenCredentials, MSICredentials, ConnectionStringBuilder).: Pass
  - Pagination (PagedIterable/PagedFlux) (prompt): Pass (1/1)
      - ### Attribute-Matched Criteria

**Pagination (PagedIterable/PagedFlux)**: List/query operations return PagedIterable (sync) or PagedFlux (async). Does not flatten all pages into a raw List or Stream in memory.: Pass
  - LRO Pattern (SyncPoller/PollerFlux) (prompt): Pass (1/1)
      - ### Attribute-Matched Criteria

**LRO Pattern (SyncPoller/PollerFlux)**: Long-running operations use SyncPoller (sync) or PollerFlux (async) with begin* method prefix. No Thread.sleep() polling loops.: Pass
  - Async Uses Project Reactor (Mono/Flux) (prompt): Pass (1/1)
      - ### Attribute-Matched Criteria

**Async Uses Project Reactor (Mono/Flux)**: Async code uses Project Reactor types (Mono, Flux). Not CompletableFuture (wrong), not RxJava (wrong), not sync wrapped in ExecutorService. No .block() inside async service implementations.: Pass
  - Service-Specific Exception Handling (prompt): Pass (1/1)
      - ### Attribute-Matched Criteria

**Service-Specific Exception Handling**: Catches service-specific exceptions (BlobStorageException, CosmosException, ServiceBusException, HttpResponseException) with status code inspection. Not just generic Exception catches.: Pass
  - Code Compiles (mvn compile / gradle compileJava) (prompt): Pass (1/1)
      - ### Attribute-Matched Criteria

**Code Compiles (mvn compile / gradle compileJava)**: The generated code compiles without errors. Attempt build verification if build tools are available.: Pass
  - Try-With-Resources for Clients (prompt): Pass (1/1)
      - ### Attribute-Matched Criteria

**Try-With-Resources for Clients**: All Azure SDK client instances that implement AutoCloseable are used within try-with-resources blocks or explicitly closed in a finally block.: Pass

Graders for storage-mp-java-account-mgmt / java-azure-skills/baseline:
- storage-account-mgmt.prompt.md (prompt file):
  - Criteria from prompt file (prompt): Fail (0/8)
      - `azure-resourcemanager-storage` Maven dependency: Fail
      - `StorageManager.authenticate()` with credential and profile: Fail
      - `storageAccounts().define().withRegion().withExistingResourceGroup().withSku().create()`: Fail
      - Fluent builder pattern for account creation: Fail
      - `storageAccounts().listByResourceGroup()` for listing: Fail
      - `storageAccounts().getByResourceGroup()` for details: Fail
      - `update().withBlobAccessTier()` or service properties update: Fail
      - `storageAccounts().deleteByResourceGroup()`: Fail
- java.yaml (criteria file):
  - Correct Dependencies (com.azure, not com.microsoft.azure) (prompt): Fail (0/1)
      - ### Attribute-Matched Criteria

**Correct Dependencies (com.azure, not com.microsoft.azure)**: Uses com.azure group ID for all Azure SDK packages. No com.microsoft.azure (legacy SDK) dependencies. Includes azure-identity for authentication.: Fail
  - Azure SDK BOM for Version Management (prompt): Fail (0/1)
      - ### Attribute-Matched Criteria

**Azure SDK BOM for Version Management**: Uses azure-sdk-bom in dependencyManagement to manage Azure SDK versions instead of hardcoding individual artifact versions. Dependencies should omit <version> tags when managed by the BOM.: Fail
  - Correct Imports (no legacy, no internal packages) (prompt): Fail (0/1)
      - ### Attribute-Matched Criteria

**Correct Imports (no legacy, no internal packages)**: All imports use com.azure.* packages. No com.microsoft.azure.* (legacy) or com.azure.*.implementation.* (internal API) imports.: Fail
  - DefaultAzureCredential Authentication (prompt): Fail (0/1)
      - ### Attribute-Matched Criteria

**DefaultAzureCredential Authentication**: Uses DefaultAzureCredential or another com.azure.identity credential. No hardcoded connection strings, account keys, SAS tokens, or secrets.: Fail
  - Client Builder Pattern (prompt): Fail (0/1)
      - ### Attribute-Matched Criteria

**Client Builder Pattern**: SDK clients constructed using *ClientBuilder classes with .endpoint() or .vaultUrl() and .credential(). No legacy constructors (CloudStorageAccount, DocumentClient, KeyVaultClient).: Fail
  - No Deprecated/Legacy Classes (prompt): Pass (1/1)
      - ### Attribute-Matched Criteria

**No Deprecated/Legacy Classes**: No deprecated classes from the old SDK (CloudStorageAccount, CloudBlobClient, DocumentClient, QueueClient, ApplicationTokenCredentials, MSICredentials, ConnectionStringBuilder).: Pass
  - Pagination (PagedIterable/PagedFlux) (prompt): Fail (0/1)
      - ### Attribute-Matched Criteria

**Pagination (PagedIterable/PagedFlux)**: List/query operations return PagedIterable (sync) or PagedFlux (async). Does not flatten all pages into a raw List or Stream in memory.: Fail
  - LRO Pattern (SyncPoller/PollerFlux) (prompt): Fail (0/1)
      - ### Attribute-Matched Criteria

**LRO Pattern (SyncPoller/PollerFlux)**: Long-running operations use SyncPoller (sync) or PollerFlux (async) with begin* method prefix. No Thread.sleep() polling loops.: Fail
  - Async Uses Project Reactor (Mono/Flux) (prompt): Fail (0/1)
      - ### Attribute-Matched Criteria

**Async Uses Project Reactor (Mono/Flux)**: Async code uses Project Reactor types (Mono, Flux). Not CompletableFuture (wrong), not RxJava (wrong), not sync wrapped in ExecutorService. No .block() inside async service implementations.: Fail
  - Service-Specific Exception Handling (prompt): Fail (0/1)
      - ### Attribute-Matched Criteria

**Service-Specific Exception Handling**: Catches service-specific exceptions (BlobStorageException, CosmosException, ServiceBusException, HttpResponseException) with status code inspection. Not just generic Exception catches.: Fail
  - Code Compiles (mvn compile / gradle compileJava) (prompt): Fail (0/1)
      - ### Attribute-Matched Criteria

**Code Compiles (mvn compile / gradle compileJava)**: The generated code compiles without errors. Attempt build verification if build tools are available.: Fail
  - Try-With-Resources for Clients (prompt): Fail (0/1)
      - ### Attribute-Matched Criteria

**Try-With-Resources for Clients**: All Azure SDK client instances that implement AutoCloseable are used within try-with-resources blocks or explicitly closed in a finally block.: Fail

Graders for storage-mp-java-account-mgmt / java-azure-skills/azure-skill-mcp:
- storage-account-mgmt.prompt.md (prompt file):
  - Criteria from prompt file (prompt): Pass (8/8)
      - `azure-resourcemanager-storage` Maven dependency: Pass
      - `StorageManager.authenticate()` with credential and profile: Pass
      - `storageAccounts().define().withRegion().withExistingResourceGroup().withSku().create()`: Pass
      - Fluent builder pattern for account creation: Pass
      - `storageAccounts().listByResourceGroup()` for listing: Pass
      - `storageAccounts().getByResourceGroup()` for details: Pass
      - `update().withBlobAccessTier()` or service properties update: Pass
      - `storageAccounts().deleteByResourceGroup()`: Pass
- java.yaml (criteria file):
  - Correct Dependencies (com.azure, not com.microsoft.azure) (prompt): Pass (1/1)
      - ### Attribute-Matched Criteria

**Correct Dependencies (com.azure, not com.microsoft.azure)**: Uses com.azure group ID for all Azure SDK packages. No com.microsoft.azure (legacy SDK) dependencies. Includes azure-identity for authentication.: Pass
  - Azure SDK BOM for Version Management (prompt): Fail (0/1)
      - ### Attribute-Matched Criteria

**Azure SDK BOM for Version Management**: Uses azure-sdk-bom in dependencyManagement to manage Azure SDK versions instead of hardcoding individual artifact versions. Dependencies should omit <version> tags when managed by the BOM.: Fail
  - Correct Imports (no legacy, no internal packages) (prompt): Pass (1/1)
      - ### Attribute-Matched Criteria

**Correct Imports (no legacy, no internal packages)**: All imports use com.azure.* packages. No com.microsoft.azure.* (legacy) or com.azure.*.implementation.* (internal API) imports.: Pass
  - DefaultAzureCredential Authentication (prompt): Pass (1/1)
      - ### Attribute-Matched Criteria

**DefaultAzureCredential Authentication**: Uses DefaultAzureCredential or another com.azure.identity credential. No hardcoded connection strings, account keys, SAS tokens, or secrets.: Pass
  - Client Builder Pattern (prompt): Fail (0/1)
      - ### Attribute-Matched Criteria

**Client Builder Pattern**: SDK clients constructed using *ClientBuilder classes with .endpoint() or .vaultUrl() and .credential(). No legacy constructors (CloudStorageAccount, DocumentClient, KeyVaultClient).: Fail
  - No Deprecated/Legacy Classes (prompt): Pass (1/1)
      - ### Attribute-Matched Criteria

**No Deprecated/Legacy Classes**: No deprecated classes from the old SDK (CloudStorageAccount, CloudBlobClient, DocumentClient, QueueClient, ApplicationTokenCredentials, MSICredentials, ConnectionStringBuilder).: Pass
  - Pagination (PagedIterable/PagedFlux) (prompt): Pass (1/1)
      - ### Attribute-Matched Criteria

**Pagination (PagedIterable/PagedFlux)**: List/query operations return PagedIterable (sync) or PagedFlux (async). Does not flatten all pages into a raw List or Stream in memory.: Pass
  - LRO Pattern (SyncPoller/PollerFlux) (prompt): Fail (0/1)
      - ### Attribute-Matched Criteria

**LRO Pattern (SyncPoller/PollerFlux)**: Long-running operations use SyncPoller (sync) or PollerFlux (async) with begin* method prefix. No Thread.sleep() polling loops.: Fail
  - Async Uses Project Reactor (Mono/Flux) (prompt): Pass (1/1)
      - ### Attribute-Matched Criteria

**Async Uses Project Reactor (Mono/Flux)**: Async code uses Project Reactor types (Mono, Flux). Not CompletableFuture (wrong), not RxJava (wrong), not sync wrapped in ExecutorService. No .block() inside async service implementations.: Pass
  - Service-Specific Exception Handling (prompt): Pass (1/1)
      - ### Attribute-Matched Criteria

**Service-Specific Exception Handling**: Catches service-specific exceptions (BlobStorageException, CosmosException, ServiceBusException, HttpResponseException) with status code inspection. Not just generic Exception catches.: Pass
  - Code Compiles (mvn compile / gradle compileJava) (prompt): Pass (1/1)
      - ### Attribute-Matched Criteria

**Code Compiles (mvn compile / gradle compileJava)**: The generated code compiles without errors. Attempt build verification if build tools are available.: Pass
  - Try-With-Resources for Clients (prompt): Fail (0/1)
      - ### Attribute-Matched Criteria

**Try-With-Resources for Clients**: All Azure SDK client instances that implement AutoCloseable are used within try-with-resources blocks or explicitly closed in a finally block.: Fail

Graders for app-configuration-dp-java-crud / java-azure-skills/azure-skill-mcp-microsoft-skill:
- config-values.prompt.md (prompt file):
  - Criteria from prompt file (prompt): Pass (7/7)
      - `azure-data-appconfiguration` Maven dependency: Pass
      - `ConfigurationClientBuilder` and `ConfigurationClient`: Pass
      - `setConfigurationSetting()` with key, value, label: Pass
      - `getConfigurationSetting()` by key and label: Pass
      - `listConfigurationSettings()` with `SettingSelector`: Pass
      - `FeatureFlagConfigurationSetting` for feature flags: Pass
      - `deleteConfigurationSetting()` and exception handling: Pass
- java.yaml (criteria file):
  - Correct Dependencies (com.azure, not com.microsoft.azure) (prompt): Fail (0/1)
      - ### Attribute-Matched Criteria

**Correct Dependencies (com.azure, not com.microsoft.azure)**: Uses com.azure group ID for all Azure SDK packages. No com.microsoft.azure (legacy SDK) dependencies. Includes azure-identity for authentication.: Fail
  - Azure SDK BOM for Version Management (prompt): Fail (0/1)
      - ### Attribute-Matched Criteria

**Azure SDK BOM for Version Management**: Uses azure-sdk-bom in dependencyManagement to manage Azure SDK versions instead of hardcoding individual artifact versions. Dependencies should omit <version> tags when managed by the BOM.: Fail
  - Correct Imports (no legacy, no internal packages) (prompt): Pass (1/1)
      - ### Attribute-Matched Criteria

**Correct Imports (no legacy, no internal packages)**: All imports use com.azure.* packages. No com.microsoft.azure.* (legacy) or com.azure.*.implementation.* (internal API) imports.: Pass
  - DefaultAzureCredential Authentication (prompt): Fail (0/1)
      - ### Attribute-Matched Criteria

**DefaultAzureCredential Authentication**: Uses DefaultAzureCredential or another com.azure.identity credential. No hardcoded connection strings, account keys, SAS tokens, or secrets.: Fail
  - Client Builder Pattern (prompt): Fail (0/1)
      - ### Attribute-Matched Criteria

**Client Builder Pattern**: SDK clients constructed using *ClientBuilder classes with .endpoint() or .vaultUrl() and .credential(). No legacy constructors (CloudStorageAccount, DocumentClient, KeyVaultClient).: Fail
  - No Deprecated/Legacy Classes (prompt): Pass (1/1)
      - ### Attribute-Matched Criteria

**No Deprecated/Legacy Classes**: No deprecated classes from the old SDK (CloudStorageAccount, CloudBlobClient, DocumentClient, QueueClient, ApplicationTokenCredentials, MSICredentials, ConnectionStringBuilder).: Pass
  - Pagination (PagedIterable/PagedFlux) (prompt): Pass (1/1)
      - ### Attribute-Matched Criteria

**Pagination (PagedIterable/PagedFlux)**: List/query operations return PagedIterable (sync) or PagedFlux (async). Does not flatten all pages into a raw List or Stream in memory.: Pass
  - LRO Pattern (SyncPoller/PollerFlux) (prompt): Pass (1/1)
      - ### Attribute-Matched Criteria

**LRO Pattern (SyncPoller/PollerFlux)**: Long-running operations use SyncPoller (sync) or PollerFlux (async) with begin* method prefix. No Thread.sleep() polling loops.: Pass
  - Async Uses Project Reactor (Mono/Flux) (prompt): Pass (1/1)
      - ### Attribute-Matched Criteria

**Async Uses Project Reactor (Mono/Flux)**: Async code uses Project Reactor types (Mono, Flux). Not CompletableFuture (wrong), not RxJava (wrong), not sync wrapped in ExecutorService. No .block() inside async service implementations.: Pass
  - Service-Specific Exception Handling (prompt): Pass (1/1)
      - ### Attribute-Matched Criteria

**Service-Specific Exception Handling**: Catches service-specific exceptions (BlobStorageException, CosmosException, ServiceBusException, HttpResponseException) with status code inspection. Not just generic Exception catches.: Pass
  - Code Compiles (mvn compile / gradle compileJava) (prompt): Pass (1/1)
      - ### Attribute-Matched Criteria

**Code Compiles (mvn compile / gradle compileJava)**: The generated code compiles without errors. Attempt build verification if build tools are available.: Pass
  - Try-With-Resources for Clients (prompt): Pass (1/1)
      - ### Attribute-Matched Criteria

**Try-With-Resources for Clients**: All Azure SDK client instances that implement AutoCloseable are used within try-with-resources blocks or explicitly closed in a finally block.: Pass

Graders for app-configuration-dp-java-feature-flags / java-azure-skills/azure-skill-mcp-microsoft-skill:
- feature-flags.prompt.md (prompt file):
  - Criteria from prompt file (prompt): Pass (9/9)
      - Retrieves settings with a specific label parameter using `SettingSelector`: Pass
      - Lists settings filtered by key prefix using `setKeyFilter()`: Pass
      - Implements conditional reads with `matchConditions` / `setIfNoneMatch()` using the setting's ETag: Pass
      - Handles 304 Not Modified (setting unchanged since last read): Pass
      - Uses `.appconfig.featureflag/` prefix for feature flag keys: Pass
      - Parses the JSON payload in feature flag setting values: Pass
      - Implements deterministic percentage rollout (consistent hash, not `Math.random()`): Pass
      - Implements sentinel key watching with configurable polling interval: Pass
      - Detects sentinel value change via ETag or value comparison and triggers full refresh: Pass
- java.yaml (criteria file):
  - Correct Dependencies (com.azure, not com.microsoft.azure) (prompt): Pass (1/1)
      - ### Attribute-Matched Criteria

**Correct Dependencies (com.azure, not com.microsoft.azure)**: Uses com.azure group ID for all Azure SDK packages. No com.microsoft.azure (legacy SDK) dependencies. Includes azure-identity for authentication.: Pass
  - Azure SDK BOM for Version Management (prompt): Fail (0/1)
      - ### Attribute-Matched Criteria

**Azure SDK BOM for Version Management**: Uses azure-sdk-bom in dependencyManagement to manage Azure SDK versions instead of hardcoding individual artifact versions. Dependencies should omit <version> tags when managed by the BOM.: Fail
  - Correct Imports (no legacy, no internal packages) (prompt): Pass (1/1)
      - ### Attribute-Matched Criteria

**Correct Imports (no legacy, no internal packages)**: All imports use com.azure.* packages. No com.microsoft.azure.* (legacy) or com.azure.*.implementation.* (internal API) imports.: Pass
  - DefaultAzureCredential Authentication (prompt): Pass (1/1)
      - ### Attribute-Matched Criteria

**DefaultAzureCredential Authentication**: Uses DefaultAzureCredential or another com.azure.identity credential. No hardcoded connection strings, account keys, SAS tokens, or secrets.: Pass
  - Client Builder Pattern (prompt): Pass (1/1)
      - ### Attribute-Matched Criteria

**Client Builder Pattern**: SDK clients constructed using *ClientBuilder classes with .endpoint() or .vaultUrl() and .credential(). No legacy constructors (CloudStorageAccount, DocumentClient, KeyVaultClient).: Pass
  - No Deprecated/Legacy Classes (prompt): Pass (1/1)
      - ### Attribute-Matched Criteria

**No Deprecated/Legacy Classes**: No deprecated classes from the old SDK (CloudStorageAccount, CloudBlobClient, DocumentClient, QueueClient, ApplicationTokenCredentials, MSICredentials, ConnectionStringBuilder).: Pass
  - Pagination (PagedIterable/PagedFlux) (prompt): Fail (0/1)
      - ### Attribute-Matched Criteria

**Pagination (PagedIterable/PagedFlux)**: List/query operations return PagedIterable (sync) or PagedFlux (async). Does not flatten all pages into a raw List or Stream in memory.: Fail
  - LRO Pattern (SyncPoller/PollerFlux) (prompt): Fail (0/1)
      - ### Attribute-Matched Criteria

**LRO Pattern (SyncPoller/PollerFlux)**: Long-running operations use SyncPoller (sync) or PollerFlux (async) with begin* method prefix. No Thread.sleep() polling loops.: Fail
  - Async Uses Project Reactor (Mono/Flux) (prompt): Pass (1/1)
      - ### Attribute-Matched Criteria

**Async Uses Project Reactor (Mono/Flux)**: Async code uses Project Reactor types (Mono, Flux). Not CompletableFuture (wrong), not RxJava (wrong), not sync wrapped in ExecutorService. No .block() inside async service implementations.: Pass
  - Service-Specific Exception Handling (prompt): Fail (0/1)
      - ### Attribute-Matched Criteria

**Service-Specific Exception Handling**: Catches service-specific exceptions (BlobStorageException, CosmosException, ServiceBusException, HttpResponseException) with status code inspection. Not just generic Exception catches.: Fail
  - Code Compiles (mvn compile / gradle compileJava) (prompt): Pass (1/1)
      - ### Attribute-Matched Criteria

**Code Compiles (mvn compile / gradle compileJava)**: The generated code compiles without errors. Attempt build verification if build tools are available.: Pass
  - Try-With-Resources for Clients (prompt): Pass (1/1)
      - ### Attribute-Matched Criteria

**Try-With-Resources for Clients**: All Azure SDK client instances that implement AutoCloseable are used within try-with-resources blocks or explicitly closed in a finally block.: Pass

Graders for app-configuration-dp-java-feature-flags / java-azure-skills/baseline:
- feature-flags.prompt.md (prompt file):
  - Criteria from prompt file (prompt): Pass (9/9)
      - Retrieves settings with a specific label parameter using `SettingSelector`: Pass
      - Lists settings filtered by key prefix using `setKeyFilter()`: Pass
      - Implements conditional reads with `matchConditions` / `setIfNoneMatch()` using the setting's ETag: Pass
      - Handles 304 Not Modified (setting unchanged since last read): Pass
      - Uses `.appconfig.featureflag/` prefix for feature flag keys: Pass
      - Parses the JSON payload in feature flag setting values: Pass
      - Implements deterministic percentage rollout (consistent hash, not `Math.random()`): Pass
      - Implements sentinel key watching with configurable polling interval: Pass
      - Detects sentinel value change via ETag or value comparison and triggers full refresh: Pass
- java.yaml (criteria file):
  - Correct Dependencies (com.azure, not com.microsoft.azure) (prompt): Pass (1/1)
      - ### Attribute-Matched Criteria

**Correct Dependencies (com.azure, not com.microsoft.azure)**: Uses com.azure group ID for all Azure SDK packages. No com.microsoft.azure (legacy SDK) dependencies. Includes azure-identity for authentication.: Pass
  - Azure SDK BOM for Version Management (prompt): Fail (0/1)
      - ### Attribute-Matched Criteria

**Azure SDK BOM for Version Management**: Uses azure-sdk-bom in dependencyManagement to manage Azure SDK versions instead of hardcoding individual artifact versions. Dependencies should omit <version> tags when managed by the BOM.: Fail
  - Correct Imports (no legacy, no internal packages) (prompt): Pass (1/1)
      - ### Attribute-Matched Criteria

**Correct Imports (no legacy, no internal packages)**: All imports use com.azure.* packages. No com.microsoft.azure.* (legacy) or com.azure.*.implementation.* (internal API) imports.: Pass
  - DefaultAzureCredential Authentication (prompt): Pass (1/1)
      - ### Attribute-Matched Criteria

**DefaultAzureCredential Authentication**: Uses DefaultAzureCredential or another com.azure.identity credential. No hardcoded connection strings, account keys, SAS tokens, or secrets.: Pass
  - Client Builder Pattern (prompt): Pass (1/1)
      - ### Attribute-Matched Criteria

**Client Builder Pattern**: SDK clients constructed using *ClientBuilder classes with .endpoint() or .vaultUrl() and .credential(). No legacy constructors (CloudStorageAccount, DocumentClient, KeyVaultClient).: Pass
  - No Deprecated/Legacy Classes (prompt): Pass (1/1)
      - ### Attribute-Matched Criteria

**No Deprecated/Legacy Classes**: No deprecated classes from the old SDK (CloudStorageAccount, CloudBlobClient, DocumentClient, QueueClient, ApplicationTokenCredentials, MSICredentials, ConnectionStringBuilder).: Pass
  - Pagination (PagedIterable/PagedFlux) (prompt): Fail (0/1)
      - ### Attribute-Matched Criteria

**Pagination (PagedIterable/PagedFlux)**: List/query operations return PagedIterable (sync) or PagedFlux (async). Does not flatten all pages into a raw List or Stream in memory.: Fail
  - LRO Pattern (SyncPoller/PollerFlux) (prompt): Pass (1/1)
      - ### Attribute-Matched Criteria

**LRO Pattern (SyncPoller/PollerFlux)**: Long-running operations use SyncPoller (sync) or PollerFlux (async) with begin* method prefix. No Thread.sleep() polling loops.: Pass
  - Async Uses Project Reactor (Mono/Flux) (prompt): Fail (0/1)
      - ### Attribute-Matched Criteria

**Async Uses Project Reactor (Mono/Flux)**: Async code uses Project Reactor types (Mono, Flux). Not CompletableFuture (wrong), not RxJava (wrong), not sync wrapped in ExecutorService. No .block() inside async service implementations.: Fail
  - Service-Specific Exception Handling (prompt): Fail (0/1)
      - ### Attribute-Matched Criteria

**Service-Specific Exception Handling**: Catches service-specific exceptions (BlobStorageException, CosmosException, ServiceBusException, HttpResponseException) with status code inspection. Not just generic Exception catches.: Fail
  - Code Compiles (mvn compile / gradle compileJava) (prompt): Pass (1/1)
      - ### Attribute-Matched Criteria

**Code Compiles (mvn compile / gradle compileJava)**: The generated code compiles without errors. Attempt build verification if build tools are available.: Pass
  - Try-With-Resources for Clients (prompt): Pass (1/1)
      - ### Attribute-Matched Criteria

**Try-With-Resources for Clients**: All Azure SDK client instances that implement AutoCloseable are used within try-with-resources blocks or explicitly closed in a finally block.: Pass

Graders for cosmos-db-dp-java-crud / java-azure-skills/baseline:
- crud-items.prompt.md (prompt file):
  - Criteria from prompt file (prompt): Fail (6/7)
      - `azure-cosmos` Maven dependency (com.azure:azure-cosmos): Pass
      - `CosmosClientBuilder` and `CosmosClient`: Pass
      - `CosmosDatabase` and `CosmosContainer` creation: Pass
      - `CosmosContainer.createItem()`, `readItem()`, `replaceItem()`, `deleteItem()`: Pass
      - `CosmosQueryRequestOptions` and `CosmosPagedIterable`: Fail
      - `SqlQuerySpec` with parameters: Pass
      - `CosmosException` error handling: Pass
- java.yaml (criteria file):
  - Correct Dependencies (com.azure, not com.microsoft.azure) (prompt): Fail (0/1)
      - ### Attribute-Matched Criteria

**Correct Dependencies (com.azure, not com.microsoft.azure)**: Uses com.azure group ID for all Azure SDK packages. No com.microsoft.azure (legacy SDK) dependencies. Includes azure-identity for authentication.: Fail
  - Azure SDK BOM for Version Management (prompt): Fail (0/1)
      - ### Attribute-Matched Criteria

**Azure SDK BOM for Version Management**: Uses azure-sdk-bom in dependencyManagement to manage Azure SDK versions instead of hardcoding individual artifact versions. Dependencies should omit <version> tags when managed by the BOM.: Fail
  - Correct Imports (no legacy, no internal packages) (prompt): Pass (1/1)
      - ### Attribute-Matched Criteria

**Correct Imports (no legacy, no internal packages)**: All imports use com.azure.* packages. No com.microsoft.azure.* (legacy) or com.azure.*.implementation.* (internal API) imports.: Pass
  - DefaultAzureCredential Authentication (prompt): Fail (0/1)
      - ### Attribute-Matched Criteria

**DefaultAzureCredential Authentication**: Uses DefaultAzureCredential or another com.azure.identity credential. No hardcoded connection strings, account keys, SAS tokens, or secrets.: Fail
  - Client Builder Pattern (prompt): Fail (0/1)
      - ### Attribute-Matched Criteria

**Client Builder Pattern**: SDK clients constructed using *ClientBuilder classes with .endpoint() or .vaultUrl() and .credential(). No legacy constructors (CloudStorageAccount, DocumentClient, KeyVaultClient).: Fail
  - No Deprecated/Legacy Classes (prompt): Pass (1/1)
      - ### Attribute-Matched Criteria

**No Deprecated/Legacy Classes**: No deprecated classes from the old SDK (CloudStorageAccount, CloudBlobClient, DocumentClient, QueueClient, ApplicationTokenCredentials, MSICredentials, ConnectionStringBuilder).: Pass
  - Pagination (PagedIterable/PagedFlux) (prompt): Pass (1/1)
      - ### Attribute-Matched Criteria

**Pagination (PagedIterable/PagedFlux)**: List/query operations return PagedIterable (sync) or PagedFlux (async). Does not flatten all pages into a raw List or Stream in memory.: Pass
  - LRO Pattern (SyncPoller/PollerFlux) (prompt): Pass (1/1)
      - ### Attribute-Matched Criteria

**LRO Pattern (SyncPoller/PollerFlux)**: Long-running operations use SyncPoller (sync) or PollerFlux (async) with begin* method prefix. No Thread.sleep() polling loops.: Pass
  - Async Uses Project Reactor (Mono/Flux) (prompt): Pass (1/1)
      - ### Attribute-Matched Criteria

**Async Uses Project Reactor (Mono/Flux)**: Async code uses Project Reactor types (Mono, Flux). Not CompletableFuture (wrong), not RxJava (wrong), not sync wrapped in ExecutorService. No .block() inside async service implementations.: Pass
  - Service-Specific Exception Handling (prompt): Pass (1/1)
      - ### Attribute-Matched Criteria

**Service-Specific Exception Handling**: Catches service-specific exceptions (BlobStorageException, CosmosException, ServiceBusException, HttpResponseException) with status code inspection. Not just generic Exception catches.: Pass
  - Code Compiles (mvn compile / gradle compileJava) (prompt): Pass (1/1)
      - ### Attribute-Matched Criteria

**Code Compiles (mvn compile / gradle compileJava)**: The generated code compiles without errors. Attempt build verification if build tools are available.: Pass
  - Try-With-Resources for Clients (prompt): Pass (1/1)
      - ### Attribute-Matched Criteria

**Try-With-Resources for Clients**: All Azure SDK client instances that implement AutoCloseable are used within try-with-resources blocks or explicitly closed in a finally block.: Pass

Graders for app-configuration-dp-java-crud / java-azure-skills/baseline:
- config-values.prompt.md (prompt file):
  - Criteria from prompt file (prompt): Pass (7/7)
      - `azure-data-appconfiguration` Maven dependency: Pass
      - `ConfigurationClientBuilder` and `ConfigurationClient`: Pass
      - `setConfigurationSetting()` with key, value, label: Pass
      - `getConfigurationSetting()` by key and label: Pass
      - `listConfigurationSettings()` with `SettingSelector`: Pass
      - `FeatureFlagConfigurationSetting` for feature flags: Pass
      - `deleteConfigurationSetting()` and exception handling: Pass
- java.yaml (criteria file):
  - Correct Dependencies (com.azure, not com.microsoft.azure) (prompt): Fail (0/1)
      - ### Attribute-Matched Criteria

**Correct Dependencies (com.azure, not com.microsoft.azure)**: Uses com.azure group ID for all Azure SDK packages. No com.microsoft.azure (legacy SDK) dependencies. Includes azure-identity for authentication.: Fail
  - Azure SDK BOM for Version Management (prompt): Fail (0/1)
      - ### Attribute-Matched Criteria

**Azure SDK BOM for Version Management**: Uses azure-sdk-bom in dependencyManagement to manage Azure SDK versions instead of hardcoding individual artifact versions. Dependencies should omit <version> tags when managed by the BOM.: Fail
  - Correct Imports (no legacy, no internal packages) (prompt): Pass (1/1)
      - ### Attribute-Matched Criteria

**Correct Imports (no legacy, no internal packages)**: All imports use com.azure.* packages. No com.microsoft.azure.* (legacy) or com.azure.*.implementation.* (internal API) imports.: Pass
  - DefaultAzureCredential Authentication (prompt): Fail (0/1)
      - ### Attribute-Matched Criteria

**DefaultAzureCredential Authentication**: Uses DefaultAzureCredential or another com.azure.identity credential. No hardcoded connection strings, account keys, SAS tokens, or secrets.: Fail
  - Client Builder Pattern (prompt): Fail (0/1)
      - ### Attribute-Matched Criteria

**Client Builder Pattern**: SDK clients constructed using *ClientBuilder classes with .endpoint() or .vaultUrl() and .credential(). No legacy constructors (CloudStorageAccount, DocumentClient, KeyVaultClient).: Fail
  - No Deprecated/Legacy Classes (prompt): Pass (1/1)
      - ### Attribute-Matched Criteria

**No Deprecated/Legacy Classes**: No deprecated classes from the old SDK (CloudStorageAccount, CloudBlobClient, DocumentClient, QueueClient, ApplicationTokenCredentials, MSICredentials, ConnectionStringBuilder).: Pass
  - Pagination (PagedIterable/PagedFlux) (prompt): Pass (1/1)
      - ### Attribute-Matched Criteria

**Pagination (PagedIterable/PagedFlux)**: List/query operations return PagedIterable (sync) or PagedFlux (async). Does not flatten all pages into a raw List or Stream in memory.: Pass
  - LRO Pattern (SyncPoller/PollerFlux) (prompt): Pass (1/1)
      - ### Attribute-Matched Criteria

**LRO Pattern (SyncPoller/PollerFlux)**: Long-running operations use SyncPoller (sync) or PollerFlux (async) with begin* method prefix. No Thread.sleep() polling loops.: Pass
  - Async Uses Project Reactor (Mono/Flux) (prompt): Pass (1/1)
      - ### Attribute-Matched Criteria

**Async Uses Project Reactor (Mono/Flux)**: Async code uses Project Reactor types (Mono, Flux). Not CompletableFuture (wrong), not RxJava (wrong), not sync wrapped in ExecutorService. No .block() inside async service implementations.: Pass
  - Service-Specific Exception Handling (prompt): Pass (1/1)
      - ### Attribute-Matched Criteria

**Service-Specific Exception Handling**: Catches service-specific exceptions (BlobStorageException, CosmosException, ServiceBusException, HttpResponseException) with status code inspection. Not just generic Exception catches.: Pass
  - Code Compiles (mvn compile / gradle compileJava) (prompt): Pass (1/1)
      - ### Attribute-Matched Criteria

**Code Compiles (mvn compile / gradle compileJava)**: The generated code compiles without errors. Attempt build verification if build tools are available.: Pass
  - Try-With-Resources for Clients (prompt): Pass (1/1)
      - ### Attribute-Matched Criteria

**Try-With-Resources for Clients**: All Azure SDK client instances that implement AutoCloseable are used within try-with-resources blocks or explicitly closed in a finally block.: Pass

Graders for cosmos-db-dp-java-crud / java-azure-skills/azure-skill-mcp:
- crud-items.prompt.md (prompt file):
  - Criteria from prompt file (prompt): Fail (6/7)
      - `azure-cosmos` Maven dependency (com.azure:azure-cosmos): Pass
      - `CosmosClientBuilder` and `CosmosClient`: Pass
      - `CosmosDatabase` and `CosmosContainer` creation: Pass
      - `CosmosContainer.createItem()`, `readItem()`, `replaceItem()`, `deleteItem()`: Pass
      - `CosmosQueryRequestOptions` and `CosmosPagedIterable`: Fail
      - `SqlQuerySpec` with parameters: Pass
      - `CosmosException` error handling: Pass
- java.yaml (criteria file):
  - Correct Dependencies (com.azure, not com.microsoft.azure) (prompt): Fail (0/1)
      - ### Attribute-Matched Criteria

**Correct Dependencies (com.azure, not com.microsoft.azure)**: Uses com.azure group ID for all Azure SDK packages. No com.microsoft.azure (legacy SDK) dependencies. Includes azure-identity for authentication.: Fail
  - Azure SDK BOM for Version Management (prompt): Fail (0/1)
      - ### Attribute-Matched Criteria

**Azure SDK BOM for Version Management**: Uses azure-sdk-bom in dependencyManagement to manage Azure SDK versions instead of hardcoding individual artifact versions. Dependencies should omit <version> tags when managed by the BOM.: Fail
  - Correct Imports (no legacy, no internal packages) (prompt): Pass (1/1)
      - ### Attribute-Matched Criteria

**Correct Imports (no legacy, no internal packages)**: All imports use com.azure.* packages. No com.microsoft.azure.* (legacy) or com.azure.*.implementation.* (internal API) imports.: Pass
  - DefaultAzureCredential Authentication (prompt): Fail (0/1)
      - ### Attribute-Matched Criteria

**DefaultAzureCredential Authentication**: Uses DefaultAzureCredential or another com.azure.identity credential. No hardcoded connection strings, account keys, SAS tokens, or secrets.: Fail
  - Client Builder Pattern (prompt): Fail (0/1)
      - ### Attribute-Matched Criteria

**Client Builder Pattern**: SDK clients constructed using *ClientBuilder classes with .endpoint() or .vaultUrl() and .credential(). No legacy constructors (CloudStorageAccount, DocumentClient, KeyVaultClient).: Fail
  - No Deprecated/Legacy Classes (prompt): Pass (1/1)
      - ### Attribute-Matched Criteria

**No Deprecated/Legacy Classes**: No deprecated classes from the old SDK (CloudStorageAccount, CloudBlobClient, DocumentClient, QueueClient, ApplicationTokenCredentials, MSICredentials, ConnectionStringBuilder).: Pass
  - Pagination (PagedIterable/PagedFlux) (prompt): Pass (1/1)
      - ### Attribute-Matched Criteria

**Pagination (PagedIterable/PagedFlux)**: List/query operations return PagedIterable (sync) or PagedFlux (async). Does not flatten all pages into a raw List or Stream in memory.: Pass
  - LRO Pattern (SyncPoller/PollerFlux) (prompt): Pass (1/1)
      - ### Attribute-Matched Criteria

**LRO Pattern (SyncPoller/PollerFlux)**: Long-running operations use SyncPoller (sync) or PollerFlux (async) with begin* method prefix. No Thread.sleep() polling loops.: Pass
  - Async Uses Project Reactor (Mono/Flux) (prompt): Pass (1/1)
      - ### Attribute-Matched Criteria

**Async Uses Project Reactor (Mono/Flux)**: Async code uses Project Reactor types (Mono, Flux). Not CompletableFuture (wrong), not RxJava (wrong), not sync wrapped in ExecutorService. No .block() inside async service implementations.: Pass
  - Service-Specific Exception Handling (prompt): Pass (1/1)
      - ### Attribute-Matched Criteria

**Service-Specific Exception Handling**: Catches service-specific exceptions (BlobStorageException, CosmosException, ServiceBusException, HttpResponseException) with status code inspection. Not just generic Exception catches.: Pass
  - Code Compiles (mvn compile / gradle compileJava) (prompt): Pass (1/1)
      - ### Attribute-Matched Criteria

**Code Compiles (mvn compile / gradle compileJava)**: The generated code compiles without errors. Attempt build verification if build tools are available.: Pass
  - Try-With-Resources for Clients (prompt): Pass (1/1)
      - ### Attribute-Matched Criteria

**Try-With-Resources for Clients**: All Azure SDK client instances that implement AutoCloseable are used within try-with-resources blocks or explicitly closed in a finally block.: Pass

Graders for app-configuration-dp-java-crud / java-azure-skills/azure-skill-mcp:
- config-values.prompt.md (prompt file):
  - Criteria from prompt file (prompt): Pass (7/7)
      - `azure-data-appconfiguration` Maven dependency: Pass
      - `ConfigurationClientBuilder` and `ConfigurationClient`: Pass
      - `setConfigurationSetting()` with key, value, label: Pass
      - `getConfigurationSetting()` by key and label: Pass
      - `listConfigurationSettings()` with `SettingSelector`: Pass
      - `FeatureFlagConfigurationSetting` for feature flags: Pass
      - `deleteConfigurationSetting()` and exception handling: Pass
- java.yaml (criteria file):
  - Correct Dependencies (com.azure, not com.microsoft.azure) (prompt): Fail (0/1)
      - ### Attribute-Matched Criteria

**Correct Dependencies (com.azure, not com.microsoft.azure)**: Uses com.azure group ID for all Azure SDK packages. No com.microsoft.azure (legacy SDK) dependencies. Includes azure-identity for authentication.: Fail
  - Azure SDK BOM for Version Management (prompt): Fail (0/1)
      - ### Attribute-Matched Criteria

**Azure SDK BOM for Version Management**: Uses azure-sdk-bom in dependencyManagement to manage Azure SDK versions instead of hardcoding individual artifact versions. Dependencies should omit <version> tags when managed by the BOM.: Fail
  - Correct Imports (no legacy, no internal packages) (prompt): Pass (1/1)
      - ### Attribute-Matched Criteria

**Correct Imports (no legacy, no internal packages)**: All imports use com.azure.* packages. No com.microsoft.azure.* (legacy) or com.azure.*.implementation.* (internal API) imports.: Pass
  - DefaultAzureCredential Authentication (prompt): Fail (0/1)
      - ### Attribute-Matched Criteria

**DefaultAzureCredential Authentication**: Uses DefaultAzureCredential or another com.azure.identity credential. No hardcoded connection strings, account keys, SAS tokens, or secrets.: Fail
  - Client Builder Pattern (prompt): Fail (0/1)
      - ### Attribute-Matched Criteria

**Client Builder Pattern**: SDK clients constructed using *ClientBuilder classes with .endpoint() or .vaultUrl() and .credential(). No legacy constructors (CloudStorageAccount, DocumentClient, KeyVaultClient).: Fail
  - No Deprecated/Legacy Classes (prompt): Pass (1/1)
      - ### Attribute-Matched Criteria

**No Deprecated/Legacy Classes**: No deprecated classes from the old SDK (CloudStorageAccount, CloudBlobClient, DocumentClient, QueueClient, ApplicationTokenCredentials, MSICredentials, ConnectionStringBuilder).: Pass
  - Pagination (PagedIterable/PagedFlux) (prompt): Pass (1/1)
      - ### Attribute-Matched Criteria

**Pagination (PagedIterable/PagedFlux)**: List/query operations return PagedIterable (sync) or PagedFlux (async). Does not flatten all pages into a raw List or Stream in memory.: Pass
  - LRO Pattern (SyncPoller/PollerFlux) (prompt): Pass (1/1)
      - ### Attribute-Matched Criteria

**LRO Pattern (SyncPoller/PollerFlux)**: Long-running operations use SyncPoller (sync) or PollerFlux (async) with begin* method prefix. No Thread.sleep() polling loops.: Pass
  - Async Uses Project Reactor (Mono/Flux) (prompt): Pass (1/1)
      - ### Attribute-Matched Criteria

**Async Uses Project Reactor (Mono/Flux)**: Async code uses Project Reactor types (Mono, Flux). Not CompletableFuture (wrong), not RxJava (wrong), not sync wrapped in ExecutorService. No .block() inside async service implementations.: Pass
  - Service-Specific Exception Handling (prompt): Pass (1/1)
      - ### Attribute-Matched Criteria

**Service-Specific Exception Handling**: Catches service-specific exceptions (BlobStorageException, CosmosException, ServiceBusException, HttpResponseException) with status code inspection. Not just generic Exception catches.: Pass
  - Code Compiles (mvn compile / gradle compileJava) (prompt): Pass (1/1)
      - ### Attribute-Matched Criteria

**Code Compiles (mvn compile / gradle compileJava)**: The generated code compiles without errors. Attempt build verification if build tools are available.: Pass
  - Try-With-Resources for Clients (prompt): Pass (1/1)
      - ### Attribute-Matched Criteria

**Try-With-Resources for Clients**: All Azure SDK client instances that implement AutoCloseable are used within try-with-resources blocks or explicitly closed in a finally block.: Pass

Graders for app-configuration-dp-java-feature-flags / java-azure-skills/azure-skill-mcp:
- feature-flags.prompt.md (prompt file):
  - Criteria from prompt file (prompt): Pass (9/9)
      - Retrieves settings with a specific label parameter using `SettingSelector`: Pass
      - Lists settings filtered by key prefix using `setKeyFilter()`: Pass
      - Implements conditional reads with `matchConditions` / `setIfNoneMatch()` using the setting's ETag: Pass
      - Handles 304 Not Modified (setting unchanged since last read): Pass
      - Uses `.appconfig.featureflag/` prefix for feature flag keys: Pass
      - Parses the JSON payload in feature flag setting values: Pass
      - Implements deterministic percentage rollout (consistent hash, not `Math.random()`): Pass
      - Implements sentinel key watching with configurable polling interval: Pass
      - Detects sentinel value change via ETag or value comparison and triggers full refresh: Pass
- java.yaml (criteria file):
  - Correct Dependencies (com.azure, not com.microsoft.azure) (prompt): Pass (1/1)
      - ### Attribute-Matched Criteria

**Correct Dependencies (com.azure, not com.microsoft.azure)**: Uses com.azure group ID for all Azure SDK packages. No com.microsoft.azure (legacy SDK) dependencies. Includes azure-identity for authentication.: Pass
  - Azure SDK BOM for Version Management (prompt): Fail (0/1)
      - ### Attribute-Matched Criteria

**Azure SDK BOM for Version Management**: Uses azure-sdk-bom in dependencyManagement to manage Azure SDK versions instead of hardcoding individual artifact versions. Dependencies should omit <version> tags when managed by the BOM.: Fail
  - Correct Imports (no legacy, no internal packages) (prompt): Pass (1/1)
      - ### Attribute-Matched Criteria

**Correct Imports (no legacy, no internal packages)**: All imports use com.azure.* packages. No com.microsoft.azure.* (legacy) or com.azure.*.implementation.* (internal API) imports.: Pass
  - DefaultAzureCredential Authentication (prompt): Pass (1/1)
      - ### Attribute-Matched Criteria

**DefaultAzureCredential Authentication**: Uses DefaultAzureCredential or another com.azure.identity credential. No hardcoded connection strings, account keys, SAS tokens, or secrets.: Pass
  - Client Builder Pattern (prompt): Pass (1/1)
      - ### Attribute-Matched Criteria

**Client Builder Pattern**: SDK clients constructed using *ClientBuilder classes with .endpoint() or .vaultUrl() and .credential(). No legacy constructors (CloudStorageAccount, DocumentClient, KeyVaultClient).: Pass
  - No Deprecated/Legacy Classes (prompt): Pass (1/1)
      - ### Attribute-Matched Criteria

**No Deprecated/Legacy Classes**: No deprecated classes from the old SDK (CloudStorageAccount, CloudBlobClient, DocumentClient, QueueClient, ApplicationTokenCredentials, MSICredentials, ConnectionStringBuilder).: Pass
  - Pagination (PagedIterable/PagedFlux) (prompt): Fail (0/1)
      - ### Attribute-Matched Criteria

**Pagination (PagedIterable/PagedFlux)**: List/query operations return PagedIterable (sync) or PagedFlux (async). Does not flatten all pages into a raw List or Stream in memory.: Fail
  - LRO Pattern (SyncPoller/PollerFlux) (prompt): Pass (1/1)
      - ### Attribute-Matched Criteria

**LRO Pattern (SyncPoller/PollerFlux)**: Long-running operations use SyncPoller (sync) or PollerFlux (async) with begin* method prefix. No Thread.sleep() polling loops.: Pass
  - Async Uses Project Reactor (Mono/Flux) (prompt): Pass (1/1)
      - ### Attribute-Matched Criteria

**Async Uses Project Reactor (Mono/Flux)**: Async code uses Project Reactor types (Mono, Flux). Not CompletableFuture (wrong), not RxJava (wrong), not sync wrapped in ExecutorService. No .block() inside async service implementations.: Pass
  - Service-Specific Exception Handling (prompt): Fail (0/1)
      - ### Attribute-Matched Criteria

**Service-Specific Exception Handling**: Catches service-specific exceptions (BlobStorageException, CosmosException, ServiceBusException, HttpResponseException) with status code inspection. Not just generic Exception catches.: Fail
  - Code Compiles (mvn compile / gradle compileJava) (prompt): Pass (1/1)
      - ### Attribute-Matched Criteria

**Code Compiles (mvn compile / gradle compileJava)**: The generated code compiles without errors. Attempt build verification if build tools are available.: Pass
  - Try-With-Resources for Clients (prompt): Pass (1/1)
      - ### Attribute-Matched Criteria

**Try-With-Resources for Clients**: All Azure SDK client instances that implement AutoCloseable are used within try-with-resources blocks or explicitly closed in a finally block.: Pass

🔍 Resource usage: Peak: 57 sessions, 0.0GB RAM, 0% CPU

Run Summary:
  Run ID:      20260829-075759
  Evaluations: 57
  Passed:      2
  Failed:      55
  Errors:      0
  Duration:    22069.38s
